[33m[vite:css][postcss] @import must precede all other statements (besides @charset or empty @layer)
237 |    }
238 |  }
239 |  @import url('https://fonts.googleapis.com/css2?family=Inter:wght@400;500;600;700;800;900&family=Space+Grotesk:wght@50...
    |  ^^^^^^^^^^^^^^^^^^^^^^^^^^^^^^^^^^^^^^^^^^^^^^^^^^^^^^^^^^^^^^^^^^^^^^^^^^^^^^^^^^^^^^^^^^^^^^^^^^^^^^^^^^^^^^^^^^^^^^^^
240 |  :root {
241 |    --text: #6b6375;[39m
[33m[vite:css][postcss] @import must precede all other statements (besides @charset or empty @layer)
237 |    }
238 |  }
239 |  @import url('https://fonts.googleapis.com/css2?family=Inter:wght@400;500;600;700;800;900&family=Space+Grotesk:wght@50...
    |  ^^^^^^^^^^^^^^^^^^^^^^^^^^^^^^^^^^^^^^^^^^^^^^^^^^^^^^^^^^^^^^^^^^^^^^^^^^^^^^^^^^^^^^^^^^^^^^^^^^^^^^^^^^^^^^^^^^^^^^^^
240 |  :root {
241 |    --text: #6b6375;[39m
[33m[vite:css][postcss] @import must precede all other statements (besides @charset or empty @layer)
264 |    }
265 |  }
266 |  @import url('https://fonts.googleapis.com/css2?family=Inter:wght@400;500;600;700;800;900&family=Space+Grotesk:wght@50...
    |  ^^^^^^^^^^^^^^^^^^^^^^^^^^^^^^^^^^^^^^^^^^^^^^^^^^^^^^^^^^^^^^^^^^^^^^^^^^^^^^^^^^^^^^^^^^^^^^^^^^^^^^^^^^^^^^^^^^^^^^^^
267 |  :root {
268 |    --text: #6b6375;[39m
[33m[vite:css][postcss] @import must precede all other statements (besides @charset or empty @layer)
613 |    }
614 |  }
615 |  @import url('https://fonts.googleapis.com/css2?family=Inter:wght@400;500;600;700;800;900&family=Space+Grotesk:wght@50...
    |  ^^^^^^^^^^^^^^^^^^^^^^^^^^^^^^^^^^^^^^^^^^^^^^^^^^^^^^^^^^^^^^^^^^^^^^^^^^^^^^^^^^^^^^^^^^^^^^^^^^^^^^^^^^^^^^^^^^^^^^^^
616 |  :root {
617 |    --text: #6b6375;[39m
[33m[vite:css][postcss] @import must precede all other statements (besides @charset or empty @layer)
1095 |    }
1096 |  }
1097 |  @import url('https://fonts.googleapis.com/css2?family=Inter:wght@400;500;600;700;800;900&family=Space+Grotesk:wght@50...
     |  ^^^^^^^^^^^^^^^^^^^^^^^^^^^^^^^^^^^^^^^^^^^^^^^^^^^^^^^^^^^^^^^^^^^^^^^^^^^^^^^^^^^^^^^^^^^^^^^^^^^^^^^^^^^^^^^^^^^^^^^^
1098 |  :root {
1099 |    --text: #6b6375;[39m
[33m[vite:css][postcss] @import must precede all other statements (besides @charset or empty @layer)
1159 |    }
1160 |  }
1161 |  @import url('https://fonts.googleapis.com/css2?family=Inter:wght@400;500;600;700;800;900&family=Space+Grotesk:wght@50...
     |  ^^^^^^^^^^^^^^^^^^^^^^^^^^^^^^^^^^^^^^^^^^^^^^^^^^^^^^^^^^^^^^^^^^^^^^^^^^^^^^^^^^^^^^^^^^^^^^^^^^^^^^^^^^^^^^^^^^^^^^^^
1162 |  :root {
1163 |    --text: #6b6375;[39m
[33m[vite:css][postcss] @import must precede all other statements (besides @charset or empty @layer)
1342 |    }
1343 |  }
1344 |  @import url('https://fonts.googleapis.com/css2?family=Inter:wght@400;500;600;700;800;900&family=Space+Grotesk:wght@50...
     |  ^^^^^^^^^^^^^^^^^^^^^^^^^^^^^^^^^^^^^^^^^^^^^^^^^^^^^^^^^^^^^^^^^^^^^^^^^^^^^^^^^^^^^^^^^^^^^^^^^^^^^^^^^^^^^^^^^^^^^^^^
1345 |  :root {
1346 |    --text: #6b6375;[39m
[33m[vite:css][postcss] @import must precede all other statements (besides @charset or empty @layer)
1386 |    }
1387 |  }
1388 |  @import url('https://fonts.googleapis.com/css2?family=Inter:wght@400;500;600;700;800;900&family=Space+Grotesk:wght@50...
     |  ^^^^^^^^^^^^^^^^^^^^^^^^^^^^^^^^^^^^^^^^^^^^^^^^^^^^^^^^^^^^^^^^^^^^^^^^^^^^^^^^^^^^^^^^^^^^^^^^^^^^^^^^^^^^^^^^^^^^^^^^
1389 |  :root {
1390 |    --text: #6b6375;[39m
[33m[vite:css][postcss] @import must precede all other statements (besides @charset or empty @layer)
1515 |    }
1516 |  }
1517 |  @import url('https://fonts.googleapis.com/css2?family=Inter:wght@400;500;600;700;800;900&family=Space+Grotesk:wght@50...
     |  ^^^^^^^^^^^^^^^^^^^^^^^^^^^^^^^^^^^^^^^^^^^^^^^^^^^^^^^^^^^^^^^^^^^^^^^^^^^^^^^^^^^^^^^^^^^^^^^^^^^^^^^^^^^^^^^^^^^^^^^^
1518 |  :root {
1519 |    --text: #6b6375;[39m
[33m[vite:css][postcss] @import must precede all other statements (besides @charset or empty @layer)
1576 |    }
1577 |  }
1578 |  @import url('https://fonts.googleapis.com/css2?family=Inter:wght@400;500;600;700;800;900&family=Space+Grotesk:wght@50...
     |  ^^^^^^^^^^^^^^^^^^^^^^^^^^^^^^^^^^^^^^^^^^^^^^^^^^^^^^^^^^^^^^^^^^^^^^^^^^^^^^^^^^^^^^^^^^^^^^^^^^^^^^^^^^^^^^^^^^^^^^^^
1579 |  :root {
1580 |    --text: #6b6375;[39m
[33m[vite:css][postcss] @import must precede all other statements (besides @charset or empty @layer)
1632 |    }
1633 |  }
1634 |  @import url('https://fonts.googleapis.com/css2?family=Inter:wght@400;500;600;700;800;900&family=Space+Grotesk:wght@50...
     |  ^^^^^^^^^^^^^^^^^^^^^^^^^^^^^^^^^^^^^^^^^^^^^^^^^^^^^^^^^^^^^^^^^^^^^^^^^^^^^^^^^^^^^^^^^^^^^^^^^^^^^^^^^^^^^^^^^^^^^^^^
1635 |  :root {
1636 |    --text: #6b6375;[39m
[33m[vite:css][postcss] @import must precede all other statements (besides @charset or empty @layer)
1632 |    }
1633 |  }
1634 |  @import url('https://fonts.googleapis.com/css2?family=Inter:wght@400;500;600;700;800;900&family=Space+Grotesk:wght@50...
     |  ^^^^^^^^^^^^^^^^^^^^^^^^^^^^^^^^^^^^^^^^^^^^^^^^^^^^^^^^^^^^^^^^^^^^^^^^^^^^^^^^^^^^^^^^^^^^^^^^^^^^^^^^^^^^^^^^^^^^^^^^
1635 |  :root {
1636 |    --text: #6b6375;[39m
[33m[vite:css][postcss] @import must precede all other statements (besides @charset or empty @layer)
1874 |    }
1875 |  }
1876 |  @import url('https://fonts.googleapis.com/css2?family=Inter:wght@400;500;600;700;800;900&family=Space+Grotesk:wght@50...
     |  ^^^^^^^^^^^^^^^^^^^^^^^^^^^^^^^^^^^^^^^^^^^^^^^^^^^^^^^^^^^^^^^^^^^^^^^^^^^^^^^^^^^^^^^^^^^^^^^^^^^^^^^^^^^^^^^^^^^^^^^^
1877 |  :root {
1878 |    --text: #6b6375;[39m
[2m11:53:22 am[22m [31m[1m[vite][22m[39m [31mInternal server error: Failed to resolve import "framer-motion" from "src/components/landing/Testimonials.jsx". Does the file exist?[39m
  Plugin: [35mvite:import-analysis[39m
  File: [36mD:/AI Documentation/frontend/src/components/landing/Testimonials.jsx[39m:2:40
[33m  1  |  import { useState, useEffect, useCallback, useRef } from "react";
  2  |  import { motion, AnimatePresence } from "framer-motion";
     |                                           ^
  3  |  import { useReveal } from "../../hooks/useReveal";
  4  |  var _jsxFileName = "D:/AI Documentation/frontend/src/components/landing/Testimonials.jsx";[39m
      at TransformPluginContext._formatLog (file:///D:/AI%20Documentation/frontend/node_modules/vite/dist/node/chunks/node.js:30602:39)
      at TransformPluginContext.error (file:///D:/AI%20Documentation/frontend/node_modules/vite/dist/node/chunks/node.js:30599:14)
      at normalizeUrl (file:///D:/AI%20Documentation/frontend/node_modules/vite/dist/node/chunks/node.js:27842:18)
      at async file:///D:/AI%20Documentation/frontend/node_modules/vite/dist/node/chunks/node.js:27905:30
      at async Promise.all (index 1)
      at async TransformPluginContext.transform (file:///D:/AI%20Documentation/frontend/node_modules/vite/dist/node/chunks/node.js:27873:4)
      at async EnvironmentPluginContainer.transform (file:///D:/AI%20Documentation/frontend/node_modules/vite/dist/node/chunks/node.js:30387:14)
      at async loadAndTransform (file:///D:/AI%20Documentation/frontend/node_modules/vite/dist/node/chunks/node.js:24646:26)
[2m11:53:22 am[22m [31m[1m[vite][22m[39m [31m[2m(client)[22m[39m Pre-transform error: Failed to resolve import "framer-motion" from "src/components/landing/Testimonials.jsx". Does the file exist?
  Plugin: [35mvite:import-analysis[39m
  File: [36mD:/AI Documentation/frontend/src/components/landing/Testimonials.jsx[39m:2:40
[33m  1  |  import { useState, useEffect, useCallback, useRef } from "react";
  2  |  import { motion, AnimatePresence } from "framer-motion";
     |                                           ^
  3  |  import { useReveal } from "../../hooks/useReveal";
  4  |  var _jsxFileName = "D:/AI Documentation/frontend/src/components/landing/Testimonials.jsx";[39m
[2m11:53:22 am[22m [31m[1m[vite][22m[39m [31mInternal server error: Failed to resolve import "framer-motion" from "src/components/landing/Testimonials.jsx". Does the file exist?[39m
  Plugin: [35mvite:import-analysis[39m
  File: [36mD:/AI Documentation/frontend/src/components/landing/Testimonials.jsx[39m:2:40
[33m  1  |  import { useState, useEffect, useCallback, useRef } from "react";
  2  |  import { motion, AnimatePresence } from "framer-motion";
     |                                           ^
  3  |  import { useReveal } from "../../hooks/useReveal";
  4  |  var _jsxFileName = "D:/AI Documentation/frontend/src/components/landing/Testimonials.jsx";[39m
      at TransformPluginContext._formatLog (file:///D:/AI%20Documentation/frontend/node_modules/vite/dist/node/chunks/node.js:30602:39)
      at TransformPluginContext.error (file:///D:/AI%20Documentation/frontend/node_modules/vite/dist/node/chunks/node.js:30599:14)
      at normalizeUrl (file:///D:/AI%20Documentation/frontend/node_modules/vite/dist/node/chunks/node.js:27842:18)
      at async file:///D:/AI%20Documentation/frontend/node_modules/vite/dist/node/chunks/node.js:27905:30
      at async Promise.all (index 1)
      at async TransformPluginContext.transform (file:///D:/AI%20Documentation/frontend/node_modules/vite/dist/node/chunks/node.js:27873:4)
      at async EnvironmentPluginContainer.transform (file:///D:/AI%20Documentation/frontend/node_modules/vite/dist/node/chunks/node.js:30387:14)
      at async loadAndTransform (file:///D:/AI%20Documentation/frontend/node_modules/vite/dist/node/chunks/node.js:24646:26)
[2m11:53:22 am[22m [31m[1m[vite][22m[39m [31m[2m(client)[22m[39m [2m[console.error] [22m[vite] Failed to reload /src/components/landing/Testimonials.jsx. This could be due to syntax errors or importing non-existent modules. (see errors above)
[2m11:53:22 am[22m [31m[1m[vite][22m[39m [31m[2m(client)[22m[39m [2m[console.error] [22m[vite] Failed to reload /src/components/landing/Testimonials.jsx. This could be due to syntax errors or importing non-existent modules. (see errors above)
[33m[vite:css][postcss] @import must precede all other statements (besides @charset or empty @layer)
1874 |    }
1875 |  }
1876 |  @import url('https://fonts.googleapis.com/css2?family=Inter:wght@400;500;600;700;800;900&family=Space+Grotesk:wght@50...
     |  ^^^^^^^^^^^^^^^^^^^^^^^^^^^^^^^^^^^^^^^^^^^^^^^^^^^^^^^^^^^^^^^^^^^^^^^^^^^^^^^^^^^^^^^^^^^^^^^^^^^^^^^^^^^^^^^^^^^^^^^^
1877 |  :root {
1878 |    --text: #6b6375;[39m
[2m11:53:52 am[22m [31m[1m[vite][22m[39m [31m[2m(client)[22m[39m Pre-transform error: Failed to resolve import "framer-motion" from "src/components/landing/Testimonials.jsx". Does the file exist?
  Plugin: [35mvite:import-analysis[39m
  File: [36mD:/AI Documentation/frontend/src/components/landing/Testimonials.jsx[39m:2:40
[33m  1  |  import { useState, useEffect, useCallback, useRef } from "react";
  2  |  import { motion, AnimatePresence } from "framer-motion";
     |                                           ^
  3  |  import { useReveal } from "../../hooks/useReveal";
  4  |  var _jsxFileName = "D:/AI Documentation/frontend/src/components/landing/Testimonials.jsx";[39m
[2m11:53:52 am[22m [31m[1m[vite][22m[39m [31m[2m(client)[22m[39m Pre-transform error: Failed to resolve import "framer-motion" from "src/components/landing/Testimonials.jsx". Does the file exist?
  Plugin: [35mvite:import-analysis[39m
  File: [36mD:/AI Documentation/frontend/src/components/landing/Testimonials.jsx[39m:2:40
[33m  1  |  import { useState, useEffect, useCallback, useRef } from "react";
  2  |  import { motion, AnimatePresence } from "framer-motion";
     |                                           ^
  3  |  import { useReveal } from "../../hooks/useReveal";
  4  |  var _jsxFileName = "D:/AI Documentation/frontend/src/components/landing/Testimonials.jsx";[39m
[2m11:53:52 am[22m [31m[1m[vite][22m[39m [31m[2m(client)[22m[39m Pre-transform error: Failed to resolve import "framer-motion" from "src/components/landing/Testimonials.jsx". Does the file exist?
  Plugin: [35mvite:import-analysis[39m
  File: [36mD:/AI Documentation/frontend/src/components/landing/Testimonials.jsx[39m:2:40
[33m  1  |  import { useState, useEffect, useCallback, useRef } from "react";
  2  |  import { motion, AnimatePresence } from "framer-motion";
     |                                           ^
  3  |  import { useReveal } from "../../hooks/useReveal";
  4  |  var _jsxFileName = "D:/AI Documentation/frontend/src/components/landing/Testimonials.jsx";[39m
[2m11:53:52 am[22m [31m[1m[vite][22m[39m [31mInternal server error: Failed to resolve import "framer-motion" from "src/components/landing/Testimonials.jsx". Does the file exist?[39m
  Plugin: [35mvite:import-analysis[39m
  File: [36mD:/AI Documentation/frontend/src/components/landing/Testimonials.jsx[39m:2:40
[33m  1  |  import { useState, useEffect, useCallback, useRef } from "react";
  2  |  import { motion, AnimatePresence } from "framer-motion";
     |                                           ^
  3  |  import { useReveal } from "../../hooks/useReveal";
  4  |  var _jsxFileName = "D:/AI Documentation/frontend/src/components/landing/Testimonials.jsx";[39m
      at TransformPluginContext._formatLog (file:///D:/AI%20Documentation/frontend/node_modules/vite/dist/node/chunks/node.js:30602:39)
      at TransformPluginContext.error (file:///D:/AI%20Documentation/frontend/node_modules/vite/dist/node/chunks/node.js:30599:14)
      at normalizeUrl (file:///D:/AI%20Documentation/frontend/node_modules/vite/dist/node/chunks/node.js:27842:18)
      at async file:///D:/AI%20Documentation/frontend/node_modules/vite/dist/node/chunks/node.js:27905:30
      at async Promise.all (index 1)
      at async TransformPluginContext.transform (file:///D:/AI%20Documentation/frontend/node_modules/vite/dist/node/chunks/node.js:27873:4)
      at async EnvironmentPluginContainer.transform (file:///D:/AI%20Documentation/frontend/node_modules/vite/dist/node/chunks/node.js:30387:14)
      at async loadAndTransform (file:///D:/AI%20Documentation/frontend/node_modules/vite/dist/node/chunks/node.js:24646:26)
[2m11:53:53 am[22m [31m[1m[vite][22m[39m [31m[2m(client)[22m[39m Pre-transform error: Failed to resolve import "framer-motion" from "src/components/landing/Testimonials.jsx". Does the file exist?
  Plugin: [35mvite:import-analysis[39m
  File: [36mD:/AI Documentation/frontend/src/components/landing/Testimonials.jsx[39m:2:40
[33m  1  |  import { useState, useEffect, useCallback, useRef } from "react";
  2  |  import { motion, AnimatePresence } from "framer-motion";
     |                                           ^
  3  |  import { useReveal } from "../../hooks/useReveal";
  4  |  var _jsxFileName = "D:/AI Documentation/frontend/src/components/landing/Testimonials.jsx";[39m
[2m11:53:53 am[22m [31m[1m[vite][22m[39m [31mInternal server error: Failed to resolve import "framer-motion" from "src/components/landing/Testimonials.jsx". Does the file exist?[39m
  Plugin: [35mvite:import-analysis[39m
  File: [36mD:/AI Documentation/frontend/src/components/landing/Testimonials.jsx[39m:2:40
[33m  1  |  import { useState, useEffect, useCallback, useRef } from "react";
  2  |  import { motion, AnimatePresence } from "framer-motion";
     |                                           ^
  3  |  import { useReveal } from "../../hooks/useReveal";
  4  |  var _jsxFileName = "D:/AI Documentation/frontend/src/components/landing/Testimonials.jsx";[39m
      at TransformPluginContext._formatLog (file:///D:/AI%20Documentation/frontend/node_modules/vite/dist/node/chunks/node.js:30602:39)
      at TransformPluginContext.error (file:///D:/AI%20Documentation/frontend/node_modules/vite/dist/node/chunks/node.js:30599:14)
      at normalizeUrl (file:///D:/AI%20Documentation/frontend/node_modules/vite/dist/node/chunks/node.js:27842:18)
      at async file:///D:/AI%20Documentation/frontend/node_modules/vite/dist/node/chunks/node.js:27905:30
      at async Promise.all (index 1)
      at async TransformPluginContext.transform (file:///D:/AI%20Documentation/frontend/node_modules/vite/dist/node/chunks/node.js:27873:4)
      at async EnvironmentPluginContainer.transform (file:///D:/AI%20Documentation/frontend/node_modules/vite/dist/node/chunks/node.js:30387:14)
      at async loadAndTransform (file:///D:/AI%20Documentation/frontend/node_modules/vite/dist/node/chunks/node.js:24646:26)
[2m11:54:15 am[22m [31m[1m[vite][22m[39m [31m[2m(client)[22m[39m Pre-transform error: Failed to resolve import "framer-motion" from "src/components/landing/Testimonials.jsx". Does the file exist?
  Plugin: [35mvite:import-analysis[39m
  File: [36mD:/AI Documentation/frontend/src/components/landing/Testimonials.jsx[39m:2:40
[33m  1  |  import { useState, useEffect, useCallback, useRef } from "react";
  2  |  import { motion, AnimatePresence } from "framer-motion";
     |                                           ^
  3  |  import { useReveal } from "../../hooks/useReveal";
  4  |  var _jsxFileName = "D:/AI Documentation/frontend/src/components/landing/Testimonials.jsx";[39m
[2m11:54:15 am[22m [31m[1m[vite][22m[39m [31mInternal server error: Failed to resolve import "framer-motion" from "src/components/landing/Testimonials.jsx". Does the file exist?[39m
  Plugin: [35mvite:import-analysis[39m
  File: [36mD:/AI Documentation/frontend/src/components/landing/Testimonials.jsx[39m:2:40
[33m  1  |  import { useState, useEffect, useCallback, useRef } from "react";
  2  |  import { motion, AnimatePresence } from "framer-motion";
     |                                           ^
  3  |  import { useReveal } from "../../hooks/useReveal";
  4  |  var _jsxFileName = "D:/AI Documentation/frontend/src/components/landing/Testimonials.jsx";[39m
      at TransformPluginContext._formatLog (file:///D:/AI%20Documentation/frontend/node_modules/vite/dist/node/chunks/node.js:30602:39)
      at TransformPluginContext.error (file:///D:/AI%20Documentation/frontend/node_modules/vite/dist/node/chunks/node.js:30599:14)
      at normalizeUrl (file:///D:/AI%20Documentation/frontend/node_modules/vite/dist/node/chunks/node.js:27842:18)
      at async file:///D:/AI%20Documentation/frontend/node_modules/vite/dist/node/chunks/node.js:27905:30
      at async Promise.all (index 1)
      at async TransformPluginContext.transform (file:///D:/AI%20Documentation/frontend/node_modules/vite/dist/node/chunks/node.js:27873:4)
      at async EnvironmentPluginContainer.transform (file:///D:/AI%20Documentation/frontend/node_modules/vite/dist/node/chunks/node.js:30387:14)
      at async loadAndTransform (file:///D:/AI%20Documentation/frontend/node_modules/vite/dist/node/chunks/node.js:24646:26)
[33m[vite:css][postcss] @import must precede all other statements (besides @charset or empty @layer)
1874 |    }
1875 |  }
1876 |  @import url('https://fonts.googleapis.com/css2?family=Inter:wght@400;500;600;700;800;900&family=Space+Grotesk:wght@50...
     |  ^^^^^^^^^^^^^^^^^^^^^^^^^^^^^^^^^^^^^^^^^^^^^^^^^^^^^^^^^^^^^^^^^^^^^^^^^^^^^^^^^^^^^^^^^^^^^^^^^^^^^^^^^^^^^^^^^^^^^^^^
1877 |  :root {
1878 |    --text: #6b6375;[39m
[2m11:54:19 am[22m [31m[1m[vite][22m[39m [31m[2m(client)[22m[39m Pre-transform error: Failed to resolve import "framer-motion" from "src/components/landing/Testimonials.jsx". Does the file exist?
  Plugin: [35mvite:import-analysis[39m
  File: [36mD:/AI Documentation/frontend/src/components/landing/Testimonials.jsx[39m:2:40
[33m  1  |  import { useState, useEffect, useCallback, useRef } from "react";
  2  |  import { motion, AnimatePresence } from "framer-motion";
     |                                           ^
  3  |  import { useReveal } from "../../hooks/useReveal";
  4  |  var _jsxFileName = "D:/AI Documentation/frontend/src/components/landing/Testimonials.jsx";[39m
[2m11:54:19 am[22m [31m[1m[vite][22m[39m [31m[2m(client)[22m[39m Pre-transform error: Failed to resolve import "framer-motion" from "src/components/landing/Testimonials.jsx". Does the file exist?
  Plugin: [35mvite:import-analysis[39m
  File: [36mD:/AI Documentation/frontend/src/components/landing/Testimonials.jsx[39m:2:40
[33m  1  |  import { useState, useEffect, useCallback, useRef } from "react";
  2  |  import { motion, AnimatePresence } from "framer-motion";
     |                                           ^
  3  |  import { useReveal } from "../../hooks/useReveal";
  4  |  var _jsxFileName = "D:/AI Documentation/frontend/src/components/landing/Testimonials.jsx";[39m
[2m11:54:19 am[22m [31m[1m[vite][22m[39m [31m[2m(client)[22m[39m Pre-transform error: Failed to resolve import "framer-motion" from "src/components/landing/Testimonials.jsx". Does the file exist?
  Plugin: [35mvite:import-analysis[39m
  File: [36mD:/AI Documentation/frontend/src/components/landing/Testimonials.jsx[39m:2:40
[33m  1  |  import { useState, useEffect, useCallback, useRef } from "react";
  2  |  import { motion, AnimatePresence } from "framer-motion";
     |                                           ^
  3  |  import { useReveal } from "../../hooks/useReveal";
  4  |  var _jsxFileName = "D:/AI Documentation/frontend/src/components/landing/Testimonials.jsx";[39m
[2m11:54:19 am[22m [31m[1m[vite][22m[39m [31mInternal server error: Failed to resolve import "framer-motion" from "src/components/landing/Testimonials.jsx". Does the file exist?[39m
  Plugin: [35mvite:import-analysis[39m
  File: [36mD:/AI Documentation/frontend/src/components/landing/Testimonials.jsx[39m:2:40
[33m  1  |  import { useState, useEffect, useCallback, useRef } from "react";
  2  |  import { motion, AnimatePresence } from "framer-motion";
     |                                           ^
  3  |  import { useReveal } from "../../hooks/useReveal";
  4  |  var _jsxFileName = "D:/AI Documentation/frontend/src/components/landing/Testimonials.jsx";[39m
      at TransformPluginContext._formatLog (file:///D:/AI%20Documentation/frontend/node_modules/vite/dist/node/chunks/node.js:30602:39)
      at TransformPluginContext.error (file:///D:/AI%20Documentation/frontend/node_modules/vite/dist/node/chunks/node.js:30599:14)
      at normalizeUrl (file:///D:/AI%20Documentation/frontend/node_modules/vite/dist/node/chunks/node.js:27842:18)
      at async file:///D:/AI%20Documentation/frontend/node_modules/vite/dist/node/chunks/node.js:27905:30
      at async Promise.all (index 1)
      at async TransformPluginContext.transform (file:///D:/AI%20Documentation/frontend/node_modules/vite/dist/node/chunks/node.js:27873:4)
      at async EnvironmentPluginContainer.transform (file:///D:/AI%20Documentation/frontend/node_modules/vite/dist/node/chunks/node.js:30387:14)
      at async loadAndTransform (file:///D:/AI%20Documentation/frontend/node_modules/vite/dist/node/chunks/node.js:24646:26)
[2m12:15:42 pm[22m [31m[1m[vite][22m[39m [31m[2m(client)[22m[39m Pre-transform error: Failed to resolve import "framer-motion" from "src/components/landing/CTA.jsx". Does the file exist?
  Plugin: [35mvite:import-analysis[39m
  File: [36mD:/AI Documentation/frontend/src/components/landing/CTA.jsx[39m:1:58
[33m  1  |  import { motion, useMotionTemplate, useMotionValue } from "framer-motion";
     |                                                             ^
  2  |  import { FaArrowRight, FaCheckCircle } from "react-icons/fa";
  3  |  import { useRevealChildren } from "../../hooks/useReveal";[39m
[2m12:15:42 pm[22m [31m[1m[vite][22m[39m [31m[2m(client)[22m[39m Pre-transform error: Failed to resolve import "framer-motion" from "src/components/landing/CTA.jsx". Does the file exist?
  Plugin: [35mvite:import-analysis[39m
  File: [36mD:/AI Documentation/frontend/src/components/landing/CTA.jsx[39m:1:58
[33m  1  |  import { motion, useMotionTemplate, useMotionValue } from "framer-motion";
     |                                                             ^
  2  |  import { FaArrowRight, FaCheckCircle } from "react-icons/fa";
  3  |  import { useRevealChildren } from "../../hooks/useReveal";[39m
[2m12:15:42 pm[22m [31m[1m[vite][22m[39m [31m[2m(client)[22m[39m Pre-transform error: Failed to resolve import "framer-motion" from "src/components/landing/Navbar.jsx". Does the file exist?
  Plugin: [35mvite:import-analysis[39m
  File: [36mD:/AI Documentation/frontend/src/components/landing/Navbar.jsx[39m:2:40
[33m  1  |  import { useState, useEffect } from "react";
  2  |  import { motion, AnimatePresence } from "framer-motion";
     |                                           ^
  3  |  var _jsxFileName = "D:/AI Documentation/frontend/src/components/landing/Navbar.jsx";
  4  |  import { jsxDEV as _jsxDEV } from "react/jsx-dev-runtime";[39m
[2m12:15:42 pm[22m [31m[1m[vite][22m[39m [31m[2m(client)[22m[39m Pre-transform error: Failed to resolve import "framer-motion" from "src/components/landing/Navbar.jsx". Does the file exist?
  Plugin: [35mvite:import-analysis[39m
  File: [36mD:/AI Documentation/frontend/src/components/landing/Navbar.jsx[39m:2:40
[33m  1  |  import { useState, useEffect } from "react";
  2  |  import { motion, AnimatePresence } from "framer-motion";
     |                                           ^
  3  |  var _jsxFileName = "D:/AI Documentation/frontend/src/components/landing/Navbar.jsx";
  4  |  import { jsxDEV as _jsxDEV } from "react/jsx-dev-runtime";[39m
[2m12:15:42 pm[22m [31m[1m[vite][22m[39m [31m[2m(client)[22m[39m Pre-transform error: Failed to resolve import "framer-motion" from "src/components/landing/Testimonials.jsx". Does the file exist?
  Plugin: [35mvite:import-analysis[39m
  File: [36mD:/AI Documentation/frontend/src/components/landing/Testimonials.jsx[39m:2:40
[33m  1  |  import { useState, useEffect, useCallback } from "react";
  2  |  import { motion, AnimatePresence } from "framer-motion";
     |                                           ^
  3  |  import { useReveal } from "../../hooks/useReveal";
  4  |  var _jsxFileName = "D:/AI Documentation/frontend/src/components/landing/Testimonials.jsx";[39m
[2m12:15:42 pm[22m [31m[1m[vite][22m[39m [31m[2m(client)[22m[39m Pre-transform error: Failed to resolve import "framer-motion" from "src/components/landing/Testimonials.jsx". Does the file exist?
  Plugin: [35mvite:import-analysis[39m
  File: [36mD:/AI Documentation/frontend/src/components/landing/Testimonials.jsx[39m:2:40
[33m  1  |  import { useState, useEffect, useCallback } from "react";
  2  |  import { motion, AnimatePresence } from "framer-motion";
     |                                           ^
  3  |  import { useReveal } from "../../hooks/useReveal";
  4  |  var _jsxFileName = "D:/AI Documentation/frontend/src/components/landing/Testimonials.jsx";[39m
[2m12:15:42 pm[22m [31m[1m[vite][22m[39m [31m[2m(client)[22m[39m Pre-transform error: Failed to resolve import "framer-motion" from "src/components/landing/Navbar.jsx". Does the file exist?
  Plugin: [35mvite:import-analysis[39m
  File: [36mD:/AI Documentation/frontend/src/components/landing/Navbar.jsx[39m:2:40
[33m  1  |  import { useState, useEffect } from "react";
  2  |  import { motion, AnimatePresence } from "framer-motion";
     |                                           ^
  3  |  var _jsxFileName = "D:/AI Documentation/frontend/src/components/landing/Navbar.jsx";
  4  |  import { jsxDEV as _jsxDEV } from "react/jsx-dev-runtime";[39m
[2m12:15:42 pm[22m [31m[1m[vite][22m[39m [31mInternal server error: Failed to resolve import "framer-motion" from "src/components/landing/Navbar.jsx". Does the file exist?[39m
  Plugin: [35mvite:import-analysis[39m
  File: [36mD:/AI Documentation/frontend/src/components/landing/Navbar.jsx[39m:2:40
[33m  1  |  import { useState, useEffect } from "react";
  2  |  import { motion, AnimatePresence } from "framer-motion";
     |                                           ^
  3  |  var _jsxFileName = "D:/AI Documentation/frontend/src/components/landing/Navbar.jsx";
  4  |  import { jsxDEV as _jsxDEV } from "react/jsx-dev-runtime";[39m
      at TransformPluginContext._formatLog (file:///D:/AI%20Documentation/frontend/node_modules/vite/dist/node/chunks/node.js:30602:39)
      at TransformPluginContext.error (file:///D:/AI%20Documentation/frontend/node_modules/vite/dist/node/chunks/node.js:30599:14)
      at normalizeUrl (file:///D:/AI%20Documentation/frontend/node_modules/vite/dist/node/chunks/node.js:27842:18)
      at async file:///D:/AI%20Documentation/frontend/node_modules/vite/dist/node/chunks/node.js:27905:30
      at async Promise.all (index 1)
      at async TransformPluginContext.transform (file:///D:/AI%20Documentation/frontend/node_modules/vite/dist/node/chunks/node.js:27873:4)
      at async EnvironmentPluginContainer.transform (file:///D:/AI%20Documentation/frontend/node_modules/vite/dist/node/chunks/node.js:30387:14)
      at async loadAndTransform (file:///D:/AI%20Documentation/frontend/node_modules/vite/dist/node/chunks/node.js:24646:26)
[2m12:15:42 pm[22m [31m[1m[vite][22m[39m [31m[2m(client)[22m[39m Pre-transform error: Failed to resolve import "framer-motion" from "src/components/landing/Testimonials.jsx". Does the file exist?
  Plugin: [35mvite:import-analysis[39m
  File: [36mD:/AI Documentation/frontend/src/components/landing/Testimonials.jsx[39m:2:40
[33m  1  |  import { useState, useEffect, useCallback } from "react";
  2  |  import { motion, AnimatePresence } from "framer-motion";
     |                                           ^
  3  |  import { useReveal } from "../../hooks/useReveal";
  4  |  var _jsxFileName = "D:/AI Documentation/frontend/src/components/landing/Testimonials.jsx";[39m
[2m12:15:42 pm[22m [31m[1m[vite][22m[39m [31mInternal server error: Failed to resolve import "framer-motion" from "src/components/landing/Testimonials.jsx". Does the file exist?[39m
  Plugin: [35mvite:import-analysis[39m
  File: [36mD:/AI Documentation/frontend/src/components/landing/Testimonials.jsx[39m:2:40
[33m  1  |  import { useState, useEffect, useCallback } from "react";
  2  |  import { motion, AnimatePresence } from "framer-motion";
     |                                           ^
  3  |  import { useReveal } from "../../hooks/useReveal";
  4  |  var _jsxFileName = "D:/AI Documentation/frontend/src/components/landing/Testimonials.jsx";[39m
      at TransformPluginContext._formatLog (file:///D:/AI%20Documentation/frontend/node_modules/vite/dist/node/chunks/node.js:30602:39)
      at TransformPluginContext.error (file:///D:/AI%20Documentation/frontend/node_modules/vite/dist/node/chunks/node.js:30599:14)
      at normalizeUrl (file:///D:/AI%20Documentation/frontend/node_modules/vite/dist/node/chunks/node.js:27842:18)
      at async file:///D:/AI%20Documentation/frontend/node_modules/vite/dist/node/chunks/node.js:27905:30
      at async Promise.all (index 1)
      at async TransformPluginContext.transform (file:///D:/AI%20Documentation/frontend/node_modules/vite/dist/node/chunks/node.js:27873:4)
      at async EnvironmentPluginContainer.transform (file:///D:/AI%20Documentation/frontend/node_modules/vite/dist/node/chunks/node.js:30387:14)
      at async loadAndTransform (file:///D:/AI%20Documentation/frontend/node_modules/vite/dist/node/chunks/node.js:24646:26)
[2m12:15:42 pm[22m [31m[1m[vite][22m[39m [31m[2m(client)[22m[39m Pre-transform error: Failed to resolve import "framer-motion" from "src/components/landing/CTA.jsx". Does the file exist?
  Plugin: [35mvite:import-analysis[39m
  File: [36mD:/AI Documentation/frontend/src/components/landing/CTA.jsx[39m:1:58
[33m  1  |  import { motion, useMotionTemplate, useMotionValue } from "framer-motion";
     |                                                             ^
  2  |  import { FaArrowRight, FaCheckCircle } from "react-icons/fa";
  3  |  import { useRevealChildren } from "../../hooks/useReveal";[39m
[2m12:15:42 pm[22m [31m[1m[vite][22m[39m [31mInternal server error: Failed to resolve import "framer-motion" from "src/components/landing/CTA.jsx". Does the file exist?[39m
  Plugin: [35mvite:import-analysis[39m
  File: [36mD:/AI Documentation/frontend/src/components/landing/CTA.jsx[39m:1:58
[33m  1  |  import { motion, useMotionTemplate, useMotionValue } from "framer-motion";
     |                                                             ^
  2  |  import { FaArrowRight, FaCheckCircle } from "react-icons/fa";
  3  |  import { useRevealChildren } from "../../hooks/useReveal";[39m
      at TransformPluginContext._formatLog (file:///D:/AI%20Documentation/frontend/node_modules/vite/dist/node/chunks/node.js:30602:39)
      at TransformPluginContext.error (file:///D:/AI%20Documentation/frontend/node_modules/vite/dist/node/chunks/node.js:30599:14)
      at normalizeUrl (file:///D:/AI%20Documentation/frontend/node_modules/vite/dist/node/chunks/node.js:27842:18)
      at async file:///D:/AI%20Documentation/frontend/node_modules/vite/dist/node/chunks/node.js:27905:30
      at async Promise.all (index 0)
      at async TransformPluginContext.transform (file:///D:/AI%20Documentation/frontend/node_modules/vite/dist/node/chunks/node.js:27873:4)
      at async EnvironmentPluginContainer.transform (file:///D:/AI%20Documentation/frontend/node_modules/vite/dist/node/chunks/node.js:30387:14)
      at async loadAndTransform (file:///D:/AI%20Documentation/frontend/node_modules/vite/dist/node/chunks/node.js:24646:26)
[2m12:15:47 pm[22m [31m[1m[vite][22m[39m [31m[2m(client)[22m[39m Pre-transform error: Failed to resolve import "framer-motion" from "src/components/landing/Navbar.jsx". Does the file exist?
  Plugin: [35mvite:import-analysis[39m
  File: [36mD:/AI Documentation/frontend/src/components/landing/Navbar.jsx[39m:2:40
[33m  1  |  import { useState, useEffect } from "react";
  2  |  import { motion, AnimatePresence } from "framer-motion";
     |                                           ^
  3  |  var _jsxFileName = "D:/AI Documentation/frontend/src/components/landing/Navbar.jsx";
  4  |  import { jsxDEV as _jsxDEV } from "react/jsx-dev-runtime";[39m
[2m12:15:47 pm[22m [31m[1m[vite][22m[39m [31mInternal server error: Failed to resolve import "framer-motion" from "src/components/landing/Navbar.jsx". Does the file exist?[39m
  Plugin: [35mvite:import-analysis[39m
  File: [36mD:/AI Documentation/frontend/src/components/landing/Navbar.jsx[39m:2:40
[33m  1  |  import { useState, useEffect } from "react";
  2  |  import { motion, AnimatePresence } from "framer-motion";
     |                                           ^
  3  |  var _jsxFileName = "D:/AI Documentation/frontend/src/components/landing/Navbar.jsx";
  4  |  import { jsxDEV as _jsxDEV } from "react/jsx-dev-runtime";[39m
      at TransformPluginContext._formatLog (file:///D:/AI%20Documentation/frontend/node_modules/vite/dist/node/chunks/node.js:30602:39)
      at TransformPluginContext.error (file:///D:/AI%20Documentation/frontend/node_modules/vite/dist/node/chunks/node.js:30599:14)
      at normalizeUrl (file:///D:/AI%20Documentation/frontend/node_modules/vite/dist/node/chunks/node.js:27842:18)
      at async file:///D:/AI%20Documentation/frontend/node_modules/vite/dist/node/chunks/node.js:27905:30
      at async Promise.all (index 1)
      at async TransformPluginContext.transform (file:///D:/AI%20Documentation/frontend/node_modules/vite/dist/node/chunks/node.js:27873:4)
      at async EnvironmentPluginContainer.transform (file:///D:/AI%20Documentation/frontend/node_modules/vite/dist/node/chunks/node.js:30387:14)
      at async loadAndTransform (file:///D:/AI%20Documentation/frontend/node_modules/vite/dist/node/chunks/node.js:24646:26)
[2m12:15:47 pm[22m [31m[1m[vite][22m[39m [31m[2m(client)[22m[39m Pre-transform error: Failed to resolve import "framer-motion" from "src/components/landing/CTA.jsx". Does the file exist?
  Plugin: [35mvite:import-analysis[39m
  File: [36mD:/AI Documentation/frontend/src/components/landing/CTA.jsx[39m:1:58
[33m  1  |  import { motion, useMotionTemplate, useMotionValue } from "framer-motion";
     |                                                             ^
  2  |  import { FaArrowRight, FaCheckCircle } from "react-icons/fa";
  3  |  import { useRevealChildren } from "../../hooks/useReveal";[39m
[2m12:15:47 pm[22m [31m[1m[vite][22m[39m [31mInternal server error: Failed to resolve import "framer-motion" from "src/components/landing/CTA.jsx". Does the file exist?[39m
  Plugin: [35mvite:import-analysis[39m
  File: [36mD:/AI Documentation/frontend/src/components/landing/CTA.jsx[39m:1:58
[33m  1  |  import { motion, useMotionTemplate, useMotionValue } from "framer-motion";
     |                                                             ^
  2  |  import { FaArrowRight, FaCheckCircle } from "react-icons/fa";
  3  |  import { useRevealChildren } from "../../hooks/useReveal";[39m
      at TransformPluginContext._formatLog (file:///D:/AI%20Documentation/frontend/node_modules/vite/dist/node/chunks/node.js:30602:39)
      at TransformPluginContext.error (file:///D:/AI%20Documentation/frontend/node_modules/vite/dist/node/chunks/node.js:30599:14)
      at normalizeUrl (file:///D:/AI%20Documentation/frontend/node_modules/vite/dist/node/chunks/node.js:27842:18)
      at async file:///D:/AI%20Documentation/frontend/node_modules/vite/dist/node/chunks/node.js:27905:30
      at async Promise.all (index 0)
      at async TransformPluginContext.transform (file:///D:/AI%20Documentation/frontend/node_modules/vite/dist/node/chunks/node.js:27873:4)
      at async EnvironmentPluginContainer.transform (file:///D:/AI%20Documentation/frontend/node_modules/vite/dist/node/chunks/node.js:30387:14)
      at async loadAndTransform (file:///D:/AI%20Documentation/frontend/node_modules/vite/dist/node/chunks/node.js:24646:26)
[2m12:28:54 pm[22m [31m[1m[vite][22m[39m [31m[2m(client)[22m[39m Pre-transform error: Failed to resolve import "framer-motion" from "src/components/landing/CTA.jsx". Does the file exist?
  Plugin: [35mvite:import-analysis[39m
  File: [36mD:/AI Documentation/frontend/src/components/landing/CTA.jsx[39m:1:58
[33m  1  |  import { motion, useMotionTemplate, useMotionValue } from "framer-motion";
     |                                                             ^
  2  |  import { FaArrowRight, FaCheckCircle } from "react-icons/fa";
  3  |  import { useRevealChildren } from "../../hooks/useReveal";[39m
[2m12:28:54 pm[22m [31m[1m[vite][22m[39m [31m[2m(client)[22m[39m Pre-transform error: Failed to resolve import "framer-motion" from "src/components/landing/CTA.jsx". Does the file exist?
  Plugin: [35mvite:import-analysis[39m
  File: [36mD:/AI Documentation/frontend/src/components/landing/CTA.jsx[39m:1:58
[33m  1  |  import { motion, useMotionTemplate, useMotionValue } from "framer-motion";
     |                                                             ^
  2  |  import { FaArrowRight, FaCheckCircle } from "react-icons/fa";
  3  |  import { useRevealChildren } from "../../hooks/useReveal";[39m
[2m12:28:54 pm[22m [31m[1m[vite][22m[39m [31m[2m(client)[22m[39m Pre-transform error: Failed to resolve import "framer-motion" from "src/components/landing/Testimonials.jsx". Does the file exist?
  Plugin: [35mvite:import-analysis[39m
  File: [36mD:/AI Documentation/frontend/src/components/landing/Testimonials.jsx[39m:2:40
[33m  1  |  import { useState, useEffect, useCallback } from "react";
  2  |  import { motion, AnimatePresence } from "framer-motion";
     |                                           ^
  3  |  import { useReveal } from "../../hooks/useReveal";
  4  |  var _jsxFileName = "D:/AI Documentation/frontend/src/components/landing/Testimonials.jsx";[39m
[2m12:28:54 pm[22m [31m[1m[vite][22m[39m [31m[2m(client)[22m[39m Pre-transform error: Failed to resolve import "framer-motion" from "src/components/landing/Testimonials.jsx". Does the file exist?
  Plugin: [35mvite:import-analysis[39m
  File: [36mD:/AI Documentation/frontend/src/components/landing/Testimonials.jsx[39m:2:40
[33m  1  |  import { useState, useEffect, useCallback } from "react";
  2  |  import { motion, AnimatePresence } from "framer-motion";
     |                                           ^
  3  |  import { useReveal } from "../../hooks/useReveal";
  4  |  var _jsxFileName = "D:/AI Documentation/frontend/src/components/landing/Testimonials.jsx";[39m
[2m12:28:54 pm[22m [31m[1m[vite][22m[39m [31m[2m(client)[22m[39m Pre-transform error: Failed to resolve import "framer-motion" from "src/components/landing/Navbar.jsx". Does the file exist?
  Plugin: [35mvite:import-analysis[39m
  File: [36mD:/AI Documentation/frontend/src/components/landing/Navbar.jsx[39m:2:40
[33m  1  |  import { useState, useEffect } from "react";
  2  |  import { motion, AnimatePresence } from "framer-motion";
     |                                           ^
  3  |  var _jsxFileName = "D:/AI Documentation/frontend/src/components/landing/Navbar.jsx";
  4  |  import { jsxDEV as _jsxDEV } from "react/jsx-dev-runtime";[39m
[2m12:28:54 pm[22m [31m[1m[vite][22m[39m [31m[2m(client)[22m[39m Pre-transform error: Failed to resolve import "framer-motion" from "src/components/landing/Navbar.jsx". Does the file exist?
  Plugin: [35mvite:import-analysis[39m
  File: [36mD:/AI Documentation/frontend/src/components/landing/Navbar.jsx[39m:2:40
[33m  1  |  import { useState, useEffect } from "react";
  2  |  import { motion, AnimatePresence } from "framer-motion";
     |                                           ^
  3  |  var _jsxFileName = "D:/AI Documentation/frontend/src/components/landing/Navbar.jsx";
  4  |  import { jsxDEV as _jsxDEV } from "react/jsx-dev-runtime";[39m
[2m12:28:54 pm[22m [31m[1m[vite][22m[39m [31m[2m(client)[22m[39m Pre-transform error: Failed to resolve import "framer-motion" from "src/components/landing/Navbar.jsx". Does the file exist?
  Plugin: [35mvite:import-analysis[39m
  File: [36mD:/AI Documentation/frontend/src/components/landing/Navbar.jsx[39m:2:40
[33m  1  |  import { useState, useEffect } from "react";
  2  |  import { motion, AnimatePresence } from "framer-motion";
     |                                           ^
  3  |  var _jsxFileName = "D:/AI Documentation/frontend/src/components/landing/Navbar.jsx";
  4  |  import { jsxDEV as _jsxDEV } from "react/jsx-dev-runtime";[39m
[2m12:28:54 pm[22m [31m[1m[vite][22m[39m [31mInternal server error: Failed to resolve import "framer-motion" from "src/components/landing/Navbar.jsx". Does the file exist?[39m
  Plugin: [35mvite:import-analysis[39m
  File: [36mD:/AI Documentation/frontend/src/components/landing/Navbar.jsx[39m:2:40
[33m  1  |  import { useState, useEffect } from "react";
  2  |  import { motion, AnimatePresence } from "framer-motion";
     |                                           ^
  3  |  var _jsxFileName = "D:/AI Documentation/frontend/src/components/landing/Navbar.jsx";
  4  |  import { jsxDEV as _jsxDEV } from "react/jsx-dev-runtime";[39m
      at TransformPluginContext._formatLog (file:///D:/AI%20Documentation/frontend/node_modules/vite/dist/node/chunks/node.js:30602:39)
      at TransformPluginContext.error (file:///D:/AI%20Documentation/frontend/node_modules/vite/dist/node/chunks/node.js:30599:14)
      at normalizeUrl (file:///D:/AI%20Documentation/frontend/node_modules/vite/dist/node/chunks/node.js:27842:18)
      at async file:///D:/AI%20Documentation/frontend/node_modules/vite/dist/node/chunks/node.js:27905:30
      at async Promise.all (index 1)
      at async TransformPluginContext.transform (file:///D:/AI%20Documentation/frontend/node_modules/vite/dist/node/chunks/node.js:27873:4)
      at async EnvironmentPluginContainer.transform (file:///D:/AI%20Documentation/frontend/node_modules/vite/dist/node/chunks/node.js:30387:14)
      at async loadAndTransform (file:///D:/AI%20Documentation/frontend/node_modules/vite/dist/node/chunks/node.js:24646:26)
[2m12:28:54 pm[22m [31m[1m[vite][22m[39m [31m[2m(client)[22m[39m Pre-transform error: Failed to resolve import "framer-motion" from "src/components/landing/Testimonials.jsx". Does the file exist?
  Plugin: [35mvite:import-analysis[39m
  File: [36mD:/AI Documentation/frontend/src/components/landing/Testimonials.jsx[39m:2:40
[33m  1  |  import { useState, useEffect, useCallback } from "react";
  2  |  import { motion, AnimatePresence } from "framer-motion";
     |                                           ^
  3  |  import { useReveal } from "../../hooks/useReveal";
  4  |  var _jsxFileName = "D:/AI Documentation/frontend/src/components/landing/Testimonials.jsx";[39m
[2m12:28:54 pm[22m [31m[1m[vite][22m[39m [31mInternal server error: Failed to resolve import "framer-motion" from "src/components/landing/Testimonials.jsx". Does the file exist?[39m
  Plugin: [35mvite:import-analysis[39m
  File: [36mD:/AI Documentation/frontend/src/components/landing/Testimonials.jsx[39m:2:40
[33m  1  |  import { useState, useEffect, useCallback } from "react";
  2  |  import { motion, AnimatePresence } from "framer-motion";
     |                                           ^
  3  |  import { useReveal } from "../../hooks/useReveal";
  4  |  var _jsxFileName = "D:/AI Documentation/frontend/src/components/landing/Testimonials.jsx";[39m
      at TransformPluginContext._formatLog (file:///D:/AI%20Documentation/frontend/node_modules/vite/dist/node/chunks/node.js:30602:39)
      at TransformPluginContext.error (file:///D:/AI%20Documentation/frontend/node_modules/vite/dist/node/chunks/node.js:30599:14)
      at normalizeUrl (file:///D:/AI%20Documentation/frontend/node_modules/vite/dist/node/chunks/node.js:27842:18)
      at async file:///D:/AI%20Documentation/frontend/node_modules/vite/dist/node/chunks/node.js:27905:30
      at async Promise.all (index 1)
      at async TransformPluginContext.transform (file:///D:/AI%20Documentation/frontend/node_modules/vite/dist/node/chunks/node.js:27873:4)
      at async EnvironmentPluginContainer.transform (file:///D:/AI%20Documentation/frontend/node_modules/vite/dist/node/chunks/node.js:30387:14)
      at async loadAndTransform (file:///D:/AI%20Documentation/frontend/node_modules/vite/dist/node/chunks/node.js:24646:26)
[2m12:28:54 pm[22m [31m[1m[vite][22m[39m [31m[2m(client)[22m[39m Pre-transform error: Failed to resolve import "framer-motion" from "src/components/landing/CTA.jsx". Does the file exist?
  Plugin: [35mvite:import-analysis[39m
  File: [36mD:/AI Documentation/frontend/src/components/landing/CTA.jsx[39m:1:58
[33m  1  |  import { motion, useMotionTemplate, useMotionValue } from "framer-motion";
     |                                                             ^
  2  |  import { FaArrowRight, FaCheckCircle } from "react-icons/fa";
  3  |  import { useRevealChildren } from "../../hooks/useReveal";[39m
[2m12:28:54 pm[22m [31m[1m[vite][22m[39m [31mInternal server error: Failed to resolve import "framer-motion" from "src/components/landing/CTA.jsx". Does the file exist?[39m
  Plugin: [35mvite:import-analysis[39m
  File: [36mD:/AI Documentation/frontend/src/components/landing/CTA.jsx[39m:1:58
[33m  1  |  import { motion, useMotionTemplate, useMotionValue } from "framer-motion";
     |                                                             ^
  2  |  import { FaArrowRight, FaCheckCircle } from "react-icons/fa";
  3  |  import { useRevealChildren } from "../../hooks/useReveal";[39m
      at TransformPluginContext._formatLog (file:///D:/AI%20Documentation/frontend/node_modules/vite/dist/node/chunks/node.js:30602:39)
      at TransformPluginContext.error (file:///D:/AI%20Documentation/frontend/node_modules/vite/dist/node/chunks/node.js:30599:14)
      at normalizeUrl (file:///D:/AI%20Documentation/frontend/node_modules/vite/dist/node/chunks/node.js:27842:18)
      at async file:///D:/AI%20Documentation/frontend/node_modules/vite/dist/node/chunks/node.js:27905:30
      at async Promise.all (index 0)
      at async TransformPluginContext.transform (file:///D:/AI%20Documentation/frontend/node_modules/vite/dist/node/chunks/node.js:27873:4)
      at async EnvironmentPluginContainer.transform (file:///D:/AI%20Documentation/frontend/node_modules/vite/dist/node/chunks/node.js:30387:14)
      at async loadAndTransform (file:///D:/AI%20Documentation/frontend/node_modules/vite/dist/node/chunks/node.js:24646:26)
[2m12:28:57 pm[22m [31m[1m[vite][22m[39m [31m[2m(client)[22m[39m Pre-transform error: Failed to resolve import "framer-motion" from "src/components/landing/Testimonials.jsx". Does the file exist?
  Plugin: [35mvite:import-analysis[39m
  File: [36mD:/AI Documentation/frontend/src/components/landing/Testimonials.jsx[39m:2:40
[33m  1  |  import { useState, useEffect, useCallback } from "react";
  2  |  import { motion, AnimatePresence } from "framer-motion";
     |                                           ^
  3  |  import { useReveal } from "../../hooks/useReveal";
  4  |  var _jsxFileName = "D:/AI Documentation/frontend/src/components/landing/Testimonials.jsx";[39m
[2m12:28:57 pm[22m [31m[1m[vite][22m[39m [31mInternal server error: Failed to resolve import "framer-motion" from "src/components/landing/Testimonials.jsx". Does the file exist?[39m
  Plugin: [35mvite:import-analysis[39m
  File: [36mD:/AI Documentation/frontend/src/components/landing/Testimonials.jsx[39m:2:40
[33m  1  |  import { useState, useEffect, useCallback } from "react";
  2  |  import { motion, AnimatePresence } from "framer-motion";
     |                                           ^
  3  |  import { useReveal } from "../../hooks/useReveal";
  4  |  var _jsxFileName = "D:/AI Documentation/frontend/src/components/landing/Testimonials.jsx";[39m
      at TransformPluginContext._formatLog (file:///D:/AI%20Documentation/frontend/node_modules/vite/dist/node/chunks/node.js:30602:39)
      at TransformPluginContext.error (file:///D:/AI%20Documentation/frontend/node_modules/vite/dist/node/chunks/node.js:30599:14)
      at normalizeUrl (file:///D:/AI%20Documentation/frontend/node_modules/vite/dist/node/chunks/node.js:27842:18)
      at async file:///D:/AI%20Documentation/frontend/node_modules/vite/dist/node/chunks/node.js:27905:30
      at async Promise.all (index 1)
      at async TransformPluginContext.transform (file:///D:/AI%20Documentation/frontend/node_modules/vite/dist/node/chunks/node.js:27873:4)
      at async EnvironmentPluginContainer.transform (file:///D:/AI%20Documentation/frontend/node_modules/vite/dist/node/chunks/node.js:30387:14)
      at async loadAndTransform (file:///D:/AI%20Documentation/frontend/node_modules/vite/dist/node/chunks/node.js:24646:26)
[2m12:28:57 pm[22m [31m[1m[vite][22m[39m [31m[2m(client)[22m[39m Pre-transform error: Failed to resolve import "framer-motion" from "src/components/landing/CTA.jsx". Does the file exist?
  Plugin: [35mvite:import-analysis[39m
  File: [36mD:/AI Documentation/frontend/src/components/landing/CTA.jsx[39m:1:58
[33m  1  |  import { motion, useMotionTemplate, useMotionValue } from "framer-motion";
     |                                                             ^
  2  |  import { FaArrowRight, FaCheckCircle } from "react-icons/fa";
  3  |  import { useRevealChildren } from "../../hooks/useReveal";[39m
[2m12:28:57 pm[22m [31m[1m[vite][22m[39m [31mInternal server error: Failed to resolve import "framer-motion" from "src/components/landing/CTA.jsx". Does the file exist?[39m
  Plugin: [35mvite:import-analysis[39m
  File: [36mD:/AI Documentation/frontend/src/components/landing/CTA.jsx[39m:1:58
[33m  1  |  import { motion, useMotionTemplate, useMotionValue } from "framer-motion";
     |                                                             ^
  2  |  import { FaArrowRight, FaCheckCircle } from "react-icons/fa";
  3  |  import { useRevealChildren } from "../../hooks/useReveal";[39m
      at TransformPluginContext._formatLog (file:///D:/AI%20Documentation/frontend/node_modules/vite/dist/node/chunks/node.js:30602:39)
      at TransformPluginContext.error (file:///D:/AI%20Documentation/frontend/node_modules/vite/dist/node/chunks/node.js:30599:14)
      at normalizeUrl (file:///D:/AI%20Documentation/frontend/node_modules/vite/dist/node/chunks/node.js:27842:18)
      at async file:///D:/AI%20Documentation/frontend/node_modules/vite/dist/node/chunks/node.js:27905:30
      at async Promise.all (index 0)
      at async TransformPluginContext.transform (file:///D:/AI%20Documentation/frontend/node_modules/vite/dist/node/chunks/node.js:27873:4)
      at async EnvironmentPluginContainer.transform (file:///D:/AI%20Documentation/frontend/node_modules/vite/dist/node/chunks/node.js:30387:14)
      at async loadAndTransform (file:///D:/AI%20Documentation/frontend/node_modules/vite/dist/node/chunks/node.js:24646:26)
[2m12:28:57 pm[22m [31m[1m[vite][22m[39m [31m[2m(client)[22m[39m Pre-transform error: Failed to resolve import "framer-motion" from "src/components/landing/Navbar.jsx". Does the file exist?
  Plugin: [35mvite:import-analysis[39m
  File: [36mD:/AI Documentation/frontend/src/components/landing/Navbar.jsx[39m:2:40
[33m  1  |  import { useState, useEffect } from "react";
  2  |  import { motion, AnimatePresence } from "framer-motion";
     |                                           ^
  3  |  var _jsxFileName = "D:/AI Documentation/frontend/src/components/landing/Navbar.jsx";
  4  |  import { jsxDEV as _jsxDEV } from "react/jsx-dev-runtime";[39m
[2m12:28:57 pm[22m [31m[1m[vite][22m[39m [31mInternal server error: Failed to resolve import "framer-motion" from "src/components/landing/Navbar.jsx". Does the file exist?[39m
  Plugin: [35mvite:import-analysis[39m
  File: [36mD:/AI Documentation/frontend/src/components/landing/Navbar.jsx[39m:2:40
[33m  1  |  import { useState, useEffect } from "react";
  2  |  import { motion, AnimatePresence } from "framer-motion";
     |                                           ^
  3  |  var _jsxFileName = "D:/AI Documentation/frontend/src/components/landing/Navbar.jsx";
  4  |  import { jsxDEV as _jsxDEV } from "react/jsx-dev-runtime";[39m
      at TransformPluginContext._formatLog (file:///D:/AI%20Documentation/frontend/node_modules/vite/dist/node/chunks/node.js:30602:39)
      at TransformPluginContext.error (file:///D:/AI%20Documentation/frontend/node_modules/vite/dist/node/chunks/node.js:30599:14)
      at normalizeUrl (file:///D:/AI%20Documentation/frontend/node_modules/vite/dist/node/chunks/node.js:27842:18)
      at async file:///D:/AI%20Documentation/frontend/node_modules/vite/dist/node/chunks/node.js:27905:30
      at async Promise.all (index 1)
      at async TransformPluginContext.transform (file:///D:/AI%20Documentation/frontend/node_modules/vite/dist/node/chunks/node.js:27873:4)
      at async EnvironmentPluginContainer.transform (file:///D:/AI%20Documentation/frontend/node_modules/vite/dist/node/chunks/node.js:30387:14)
      at async loadAndTransform (file:///D:/AI%20Documentation/frontend/node_modules/vite/dist/node/chunks/node.js:24646:26)
[2m12:28:58 pm[22m [31m[1m[vite][22m[39m [31m[2m(client)[22m[39m Pre-transform error: Failed to resolve import "framer-motion" from "src/components/landing/Testimonials.jsx". Does the file exist?
  Plugin: [35mvite:import-analysis[39m
  File: [36mD:/AI Documentation/frontend/src/components/landing/Testimonials.jsx[39m:2:40
[33m  1  |  import { useState, useEffect, useCallback } from "react";
  2  |  import { motion, AnimatePresence } from "framer-motion";
     |                                           ^
  3  |  import { useReveal } from "../../hooks/useReveal";
  4  |  var _jsxFileName = "D:/AI Documentation/frontend/src/components/landing/Testimonials.jsx";[39m
[2m12:28:58 pm[22m [31m[1m[vite][22m[39m [31mInternal server error: Failed to resolve import "framer-motion" from "src/components/landing/Testimonials.jsx". Does the file exist?[39m
  Plugin: [35mvite:import-analysis[39m
  File: [36mD:/AI Documentation/frontend/src/components/landing/Testimonials.jsx[39m:2:40
[33m  1  |  import { useState, useEffect, useCallback } from "react";
  2  |  import { motion, AnimatePresence } from "framer-motion";
     |                                           ^
  3  |  import { useReveal } from "../../hooks/useReveal";
  4  |  var _jsxFileName = "D:/AI Documentation/frontend/src/components/landing/Testimonials.jsx";[39m
      at TransformPluginContext._formatLog (file:///D:/AI%20Documentation/frontend/node_modules/vite/dist/node/chunks/node.js:30602:39)
      at TransformPluginContext.error (file:///D:/AI%20Documentation/frontend/node_modules/vite/dist/node/chunks/node.js:30599:14)
      at normalizeUrl (file:///D:/AI%20Documentation/frontend/node_modules/vite/dist/node/chunks/node.js:27842:18)
      at async file:///D:/AI%20Documentation/frontend/node_modules/vite/dist/node/chunks/node.js:27905:30
      at async Promise.all (index 1)
      at async TransformPluginContext.transform (file:///D:/AI%20Documentation/frontend/node_modules/vite/dist/node/chunks/node.js:27873:4)
      at async EnvironmentPluginContainer.transform (file:///D:/AI%20Documentation/frontend/node_modules/vite/dist/node/chunks/node.js:30387:14)
      at async loadAndTransform (file:///D:/AI%20Documentation/frontend/node_modules/vite/dist/node/chunks/node.js:24646:26)
[2m12:28:58 pm[22m [31m[1m[vite][22m[39m [31m[2m(client)[22m[39m Pre-transform error: Failed to resolve import "framer-motion" from "src/components/landing/Navbar.jsx". Does the file exist?
  Plugin: [35mvite:import-analysis[39m
  File: [36mD:/AI Documentation/frontend/src/components/landing/Navbar.jsx[39m:2:40
[33m  1  |  import { useState, useEffect } from "react";
  2  |  import { motion, AnimatePresence } from "framer-motion";
     |                                           ^
  3  |  var _jsxFileName = "D:/AI Documentation/frontend/src/components/landing/Navbar.jsx";
  4  |  import { jsxDEV as _jsxDEV } from "react/jsx-dev-runtime";[39m
[2m12:28:58 pm[22m [31m[1m[vite][22m[39m [31mInternal server error: Failed to resolve import "framer-motion" from "src/components/landing/Navbar.jsx". Does the file exist?[39m
  Plugin: [35mvite:import-analysis[39m
  File: [36mD:/AI Documentation/frontend/src/components/landing/Navbar.jsx[39m:2:40
[33m  1  |  import { useState, useEffect } from "react";
  2  |  import { motion, AnimatePresence } from "framer-motion";
     |                                           ^
  3  |  var _jsxFileName = "D:/AI Documentation/frontend/src/components/landing/Navbar.jsx";
  4  |  import { jsxDEV as _jsxDEV } from "react/jsx-dev-runtime";[39m
      at TransformPluginContext._formatLog (file:///D:/AI%20Documentation/frontend/node_modules/vite/dist/node/chunks/node.js:30602:39)
      at TransformPluginContext.error (file:///D:/AI%20Documentation/frontend/node_modules/vite/dist/node/chunks/node.js:30599:14)
      at normalizeUrl (file:///D:/AI%20Documentation/frontend/node_modules/vite/dist/node/chunks/node.js:27842:18)
      at async file:///D:/AI%20Documentation/frontend/node_modules/vite/dist/node/chunks/node.js:27905:30
      at async Promise.all (index 1)
      at async TransformPluginContext.transform (file:///D:/AI%20Documentation/frontend/node_modules/vite/dist/node/chunks/node.js:27873:4)
      at async EnvironmentPluginContainer.transform (file:///D:/AI%20Documentation/frontend/node_modules/vite/dist/node/chunks/node.js:30387:14)
      at async loadAndTransform (file:///D:/AI%20Documentation/frontend/node_modules/vite/dist/node/chunks/node.js:24646:26)
[2m12:28:58 pm[22m [31m[1m[vite][22m[39m [31m[2m(client)[22m[39m Pre-transform error: Failed to resolve import "framer-motion" from "src/components/landing/CTA.jsx". Does the file exist?
  Plugin: [35mvite:import-analysis[39m
  File: [36mD:/AI Documentation/frontend/src/components/landing/CTA.jsx[39m:1:58
[33m  1  |  import { motion, useMotionTemplate, useMotionValue } from "framer-motion";
     |                                                             ^
  2  |  import { FaArrowRight, FaCheckCircle } from "react-icons/fa";
  3  |  import { useRevealChildren } from "../../hooks/useReveal";[39m
[2m12:28:58 pm[22m [31m[1m[vite][22m[39m [31mInternal server error: Failed to resolve import "framer-motion" from "src/components/landing/CTA.jsx". Does the file exist?[39m
  Plugin: [35mvite:import-analysis[39m
  File: [36mD:/AI Documentation/frontend/src/components/landing/CTA.jsx[39m:1:58
[33m  1  |  import { motion, useMotionTemplate, useMotionValue } from "framer-motion";
     |                                                             ^
  2  |  import { FaArrowRight, FaCheckCircle } from "react-icons/fa";
  3  |  import { useRevealChildren } from "../../hooks/useReveal";[39m
      at TransformPluginContext._formatLog (file:///D:/AI%20Documentation/frontend/node_modules/vite/dist/node/chunks/node.js:30602:39)
      at TransformPluginContext.error (file:///D:/AI%20Documentation/frontend/node_modules/vite/dist/node/chunks/node.js:30599:14)
      at normalizeUrl (file:///D:/AI%20Documentation/frontend/node_modules/vite/dist/node/chunks/node.js:27842:18)
      at async file:///D:/AI%20Documentation/frontend/node_modules/vite/dist/node/chunks/node.js:27905:30
      at async Promise.all (index 0)
      at async TransformPluginContext.transform (file:///D:/AI%20Documentation/frontend/node_modules/vite/dist/node/chunks/node.js:27873:4)
      at async EnvironmentPluginContainer.transform (file:///D:/AI%20Documentation/frontend/node_modules/vite/dist/node/chunks/node.js:30387:14)
      at async loadAndTransform (file:///D:/AI%20Documentation/frontend/node_modules/vite/dist/node/chunks/node.js:24646:26)
[2m12:28:58 pm[22m [31m[1m[vite][22m[39m [31m[2m(client)[22m[39m Pre-transform error: Failed to resolve import "framer-motion" from "src/components/landing/Navbar.jsx". Does the file exist?
  Plugin: [35mvite:import-analysis[39m
  File: [36mD:/AI Documentation/frontend/src/components/landing/Navbar.jsx[39m:2:40
[33m  1  |  import { useState, useEffect } from "react";
  2  |  import { motion, AnimatePresence } from "framer-motion";
     |                                           ^
  3  |  var _jsxFileName = "D:/AI Documentation/frontend/src/components/landing/Navbar.jsx";
  4  |  import { jsxDEV as _jsxDEV } from "react/jsx-dev-runtime";[39m
[2m12:28:58 pm[22m [31m[1m[vite][22m[39m [31mInternal server error: Failed to resolve import "framer-motion" from "src/components/landing/Navbar.jsx". Does the file exist?[39m
  Plugin: [35mvite:import-analysis[39m
  File: [36mD:/AI Documentation/frontend/src/components/landing/Navbar.jsx[39m:2:40
[33m  1  |  import { useState, useEffect } from "react";
  2  |  import { motion, AnimatePresence } from "framer-motion";
     |                                           ^
  3  |  var _jsxFileName = "D:/AI Documentation/frontend/src/components/landing/Navbar.jsx";
  4  |  import { jsxDEV as _jsxDEV } from "react/jsx-dev-runtime";[39m
      at TransformPluginContext._formatLog (file:///D:/AI%20Documentation/frontend/node_modules/vite/dist/node/chunks/node.js:30602:39)
      at TransformPluginContext.error (file:///D:/AI%20Documentation/frontend/node_modules/vite/dist/node/chunks/node.js:30599:14)
      at normalizeUrl (file:///D:/AI%20Documentation/frontend/node_modules/vite/dist/node/chunks/node.js:27842:18)
      at async file:///D:/AI%20Documentation/frontend/node_modules/vite/dist/node/chunks/node.js:27905:30
      at async Promise.all (index 1)
      at async TransformPluginContext.transform (file:///D:/AI%20Documentation/frontend/node_modules/vite/dist/node/chunks/node.js:27873:4)
      at async EnvironmentPluginContainer.transform (file:///D:/AI%20Documentation/frontend/node_modules/vite/dist/node/chunks/node.js:30387:14)
      at async loadAndTransform (file:///D:/AI%20Documentation/frontend/node_modules/vite/dist/node/chunks/node.js:24646:26)
[2m12:28:58 pm[22m [31m[1m[vite][22m[39m [31m[2m(client)[22m[39m Pre-transform error: Failed to resolve import "framer-motion" from "src/components/landing/Testimonials.jsx". Does the file exist?
  Plugin: [35mvite:import-analysis[39m
  File: [36mD:/AI Documentation/frontend/src/components/landing/Testimonials.jsx[39m:2:40
[33m  1  |  import { useState, useEffect, useCallback } from "react";
  2  |  import { motion, AnimatePresence } from "framer-motion";
     |                                           ^
  3  |  import { useReveal } from "../../hooks/useReveal";
  4  |  var _jsxFileName = "D:/AI Documentation/frontend/src/components/landing/Testimonials.jsx";[39m
[2m12:28:58 pm[22m [31m[1m[vite][22m[39m [31mInternal server error: Failed to resolve import "framer-motion" from "src/components/landing/Testimonials.jsx". Does the file exist?[39m
  Plugin: [35mvite:import-analysis[39m
  File: [36mD:/AI Documentation/frontend/src/components/landing/Testimonials.jsx[39m:2:40
[33m  1  |  import { useState, useEffect, useCallback } from "react";
  2  |  import { motion, AnimatePresence } from "framer-motion";
     |                                           ^
  3  |  import { useReveal } from "../../hooks/useReveal";
  4  |  var _jsxFileName = "D:/AI Documentation/frontend/src/components/landing/Testimonials.jsx";[39m
      at TransformPluginContext._formatLog (file:///D:/AI%20Documentation/frontend/node_modules/vite/dist/node/chunks/node.js:30602:39)
      at TransformPluginContext.error (file:///D:/AI%20Documentation/frontend/node_modules/vite/dist/node/chunks/node.js:30599:14)
      at normalizeUrl (file:///D:/AI%20Documentation/frontend/node_modules/vite/dist/node/chunks/node.js:27842:18)
      at async file:///D:/AI%20Documentation/frontend/node_modules/vite/dist/node/chunks/node.js:27905:30
      at async Promise.all (index 1)
      at async TransformPluginContext.transform (file:///D:/AI%20Documentation/frontend/node_modules/vite/dist/node/chunks/node.js:27873:4)
      at async EnvironmentPluginContainer.transform (file:///D:/AI%20Documentation/frontend/node_modules/vite/dist/node/chunks/node.js:30387:14)
      at async loadAndTransform (file:///D:/AI%20Documentation/frontend/node_modules/vite/dist/node/chunks/node.js:24646:26)
[2m12:28:58 pm[22m [31m[1m[vite][22m[39m [31m[2m(client)[22m[39m Pre-transform error: Failed to resolve import "framer-motion" from "src/components/landing/CTA.jsx". Does the file exist?
  Plugin: [35mvite:import-analysis[39m
  File: [36mD:/AI Documentation/frontend/src/components/landing/CTA.jsx[39m:1:58
[33m  1  |  import { motion, useMotionTemplate, useMotionValue } from "framer-motion";
     |                                                             ^
  2  |  import { FaArrowRight, FaCheckCircle } from "react-icons/fa";
  3  |  import { useRevealChildren } from "../../hooks/useReveal";[39m
[2m12:28:58 pm[22m [31m[1m[vite][22m[39m [31mInternal server error: Failed to resolve import "framer-motion" from "src/components/landing/CTA.jsx". Does the file exist?[39m
  Plugin: [35mvite:import-analysis[39m
  File: [36mD:/AI Documentation/frontend/src/components/landing/CTA.jsx[39m:1:58
[33m  1  |  import { motion, useMotionTemplate, useMotionValue } from "framer-motion";
     |                                                             ^
  2  |  import { FaArrowRight, FaCheckCircle } from "react-icons/fa";
  3  |  import { useRevealChildren } from "../../hooks/useReveal";[39m
      at TransformPluginContext._formatLog (file:///D:/AI%20Documentation/frontend/node_modules/vite/dist/node/chunks/node.js:30602:39)
      at TransformPluginContext.error (file:///D:/AI%20Documentation/frontend/node_modules/vite/dist/node/chunks/node.js:30599:14)
      at normalizeUrl (file:///D:/AI%20Documentation/frontend/node_modules/vite/dist/node/chunks/node.js:27842:18)
      at async file:///D:/AI%20Documentation/frontend/node_modules/vite/dist/node/chunks/node.js:27905:30
      at async Promise.all (index 0)
      at async TransformPluginContext.transform (file:///D:/AI%20Documentation/frontend/node_modules/vite/dist/node/chunks/node.js:27873:4)
      at async EnvironmentPluginContainer.transform (file:///D:/AI%20Documentation/frontend/node_modules/vite/dist/node/chunks/node.js:30387:14)
      at async loadAndTransform (file:///D:/AI%20Documentation/frontend/node_modules/vite/dist/node/chunks/node.js:24646:26)
[2m12:28:58 pm[22m [31m[1m[vite][22m[39m [31m[2m(client)[22m[39m Pre-transform error: Failed to resolve import "framer-motion" from "src/components/landing/Navbar.jsx". Does the file exist?
  Plugin: [35mvite:import-analysis[39m
  File: [36mD:/AI Documentation/frontend/src/components/landing/Navbar.jsx[39m:2:40
[33m  1  |  import { useState, useEffect } from "react";
  2  |  import { motion, AnimatePresence } from "framer-motion";
     |                                           ^
  3  |  var _jsxFileName = "D:/AI Documentation/frontend/src/components/landing/Navbar.jsx";
  4  |  import { jsxDEV as _jsxDEV } from "react/jsx-dev-runtime";[39m
[2m12:28:58 pm[22m [31m[1m[vite][22m[39m [31mInternal server error: Failed to resolve import "framer-motion" from "src/components/landing/Navbar.jsx". Does the file exist?[39m
  Plugin: [35mvite:import-analysis[39m
  File: [36mD:/AI Documentation/frontend/src/components/landing/Navbar.jsx[39m:2:40
[33m  1  |  import { useState, useEffect } from "react";
  2  |  import { motion, AnimatePresence } from "framer-motion";
     |                                           ^
  3  |  var _jsxFileName = "D:/AI Documentation/frontend/src/components/landing/Navbar.jsx";
  4  |  import { jsxDEV as _jsxDEV } from "react/jsx-dev-runtime";[39m
      at TransformPluginContext._formatLog (file:///D:/AI%20Documentation/frontend/node_modules/vite/dist/node/chunks/node.js:30602:39)
      at TransformPluginContext.error (file:///D:/AI%20Documentation/frontend/node_modules/vite/dist/node/chunks/node.js:30599:14)
      at normalizeUrl (file:///D:/AI%20Documentation/frontend/node_modules/vite/dist/node/chunks/node.js:27842:18)
      at async file:///D:/AI%20Documentation/frontend/node_modules/vite/dist/node/chunks/node.js:27905:30
      at async Promise.all (index 1)
      at async TransformPluginContext.transform (file:///D:/AI%20Documentation/frontend/node_modules/vite/dist/node/chunks/node.js:27873:4)
      at async EnvironmentPluginContainer.transform (file:///D:/AI%20Documentation/frontend/node_modules/vite/dist/node/chunks/node.js:30387:14)
      at async loadAndTransform (file:///D:/AI%20Documentation/frontend/node_modules/vite/dist/node/chunks/node.js:24646:26)
[2m12:28:58 pm[22m [31m[1m[vite][22m[39m [31m[2m(client)[22m[39m Pre-transform error: Failed to resolve import "framer-motion" from "src/components/landing/CTA.jsx". Does the file exist?
  Plugin: [35mvite:import-analysis[39m
  File: [36mD:/AI Documentation/frontend/src/components/landing/CTA.jsx[39m:1:58
[33m  1  |  import { motion, useMotionTemplate, useMotionValue } from "framer-motion";
     |                                                             ^
  2  |  import { FaArrowRight, FaCheckCircle } from "react-icons/fa";
  3  |  import { useRevealChildren } from "../../hooks/useReveal";[39m
[2m12:28:58 pm[22m [31m[1m[vite][22m[39m [31mInternal server error: Failed to resolve import "framer-motion" from "src/components/landing/CTA.jsx". Does the file exist?[39m
  Plugin: [35mvite:import-analysis[39m
  File: [36mD:/AI Documentation/frontend/src/components/landing/CTA.jsx[39m:1:58
[33m  1  |  import { motion, useMotionTemplate, useMotionValue } from "framer-motion";
     |                                                             ^
  2  |  import { FaArrowRight, FaCheckCircle } from "react-icons/fa";
  3  |  import { useRevealChildren } from "../../hooks/useReveal";[39m
      at TransformPluginContext._formatLog (file:///D:/AI%20Documentation/frontend/node_modules/vite/dist/node/chunks/node.js:30602:39)
      at TransformPluginContext.error (file:///D:/AI%20Documentation/frontend/node_modules/vite/dist/node/chunks/node.js:30599:14)
      at normalizeUrl (file:///D:/AI%20Documentation/frontend/node_modules/vite/dist/node/chunks/node.js:27842:18)
      at async file:///D:/AI%20Documentation/frontend/node_modules/vite/dist/node/chunks/node.js:27905:30
      at async Promise.all (index 0)
      at async TransformPluginContext.transform (file:///D:/AI%20Documentation/frontend/node_modules/vite/dist/node/chunks/node.js:27873:4)
      at async EnvironmentPluginContainer.transform (file:///D:/AI%20Documentation/frontend/node_modules/vite/dist/node/chunks/node.js:30387:14)
      at async loadAndTransform (file:///D:/AI%20Documentation/frontend/node_modules/vite/dist/node/chunks/node.js:24646:26)
[2m12:28:58 pm[22m [31m[1m[vite][22m[39m [31m[2m(client)[22m[39m Pre-transform error: Failed to resolve import "framer-motion" from "src/components/landing/Testimonials.jsx". Does the file exist?
  Plugin: [35mvite:import-analysis[39m
  File: [36mD:/AI Documentation/frontend/src/components/landing/Testimonials.jsx[39m:2:40
[33m  1  |  import { useState, useEffect, useCallback } from "react";
  2  |  import { motion, AnimatePresence } from "framer-motion";
     |                                           ^
  3  |  import { useReveal } from "../../hooks/useReveal";
  4  |  var _jsxFileName = "D:/AI Documentation/frontend/src/components/landing/Testimonials.jsx";[39m
[2m12:28:58 pm[22m [31m[1m[vite][22m[39m [31mInternal server error: Failed to resolve import "framer-motion" from "src/components/landing/Testimonials.jsx". Does the file exist?[39m
  Plugin: [35mvite:import-analysis[39m
  File: [36mD:/AI Documentation/frontend/src/components/landing/Testimonials.jsx[39m:2:40
[33m  1  |  import { useState, useEffect, useCallback } from "react";
  2  |  import { motion, AnimatePresence } from "framer-motion";
     |                                           ^
  3  |  import { useReveal } from "../../hooks/useReveal";
  4  |  var _jsxFileName = "D:/AI Documentation/frontend/src/components/landing/Testimonials.jsx";[39m
      at TransformPluginContext._formatLog (file:///D:/AI%20Documentation/frontend/node_modules/vite/dist/node/chunks/node.js:30602:39)
      at TransformPluginContext.error (file:///D:/AI%20Documentation/frontend/node_modules/vite/dist/node/chunks/node.js:30599:14)
      at normalizeUrl (file:///D:/AI%20Documentation/frontend/node_modules/vite/dist/node/chunks/node.js:27842:18)
      at async file:///D:/AI%20Documentation/frontend/node_modules/vite/dist/node/chunks/node.js:27905:30
      at async Promise.all (index 1)
      at async TransformPluginContext.transform (file:///D:/AI%20Documentation/frontend/node_modules/vite/dist/node/chunks/node.js:27873:4)
      at async EnvironmentPluginContainer.transform (file:///D:/AI%20Documentation/frontend/node_modules/vite/dist/node/chunks/node.js:30387:14)
      at async loadAndTransform (file:///D:/AI%20Documentation/frontend/node_modules/vite/dist/node/chunks/node.js:24646:26)
[2m12:29:13 pm[22m [31m[1m[vite][22m[39m [31m[2m(client)[22m[39m Pre-transform error: Failed to resolve import "framer-motion" from "src/components/landing/Navbar.jsx". Does the file exist?
  Plugin: [35mvite:import-analysis[39m
  File: [36mD:/AI Documentation/frontend/src/components/landing/Navbar.jsx[39m:2:40
[33m  1  |  import { useState, useEffect } from "react";
  2  |  import { motion, AnimatePresence } from "framer-motion";
     |                                           ^
  3  |  var _jsxFileName = "D:/AI Documentation/frontend/src/components/landing/Navbar.jsx";
  4  |  import { jsxDEV as _jsxDEV } from "react/jsx-dev-runtime";[39m
[2m12:29:13 pm[22m [31m[1m[vite][22m[39m [31mInternal server error: Failed to resolve import "framer-motion" from "src/components/landing/Navbar.jsx". Does the file exist?[39m
  Plugin: [35mvite:import-analysis[39m
  File: [36mD:/AI Documentation/frontend/src/components/landing/Navbar.jsx[39m:2:40
[33m  1  |  import { useState, useEffect } from "react";
  2  |  import { motion, AnimatePresence } from "framer-motion";
     |                                           ^
  3  |  var _jsxFileName = "D:/AI Documentation/frontend/src/components/landing/Navbar.jsx";
  4  |  import { jsxDEV as _jsxDEV } from "react/jsx-dev-runtime";[39m
      at TransformPluginContext._formatLog (file:///D:/AI%20Documentation/frontend/node_modules/vite/dist/node/chunks/node.js:30602:39)
      at TransformPluginContext.error (file:///D:/AI%20Documentation/frontend/node_modules/vite/dist/node/chunks/node.js:30599:14)
      at normalizeUrl (file:///D:/AI%20Documentation/frontend/node_modules/vite/dist/node/chunks/node.js:27842:18)
      at async file:///D:/AI%20Documentation/frontend/node_modules/vite/dist/node/chunks/node.js:27905:30
      at async Promise.all (index 1)
      at async TransformPluginContext.transform (file:///D:/AI%20Documentation/frontend/node_modules/vite/dist/node/chunks/node.js:27873:4)
      at async EnvironmentPluginContainer.transform (file:///D:/AI%20Documentation/frontend/node_modules/vite/dist/node/chunks/node.js:30387:14)
      at async loadAndTransform (file:///D:/AI%20Documentation/frontend/node_modules/vite/dist/node/chunks/node.js:24646:26)
[2m12:29:13 pm[22m [31m[1m[vite][22m[39m [31m[2m(client)[22m[39m Pre-transform error: Failed to resolve import "framer-motion" from "src/components/landing/Testimonials.jsx". Does the file exist?
  Plugin: [35mvite:import-analysis[39m
  File: [36mD:/AI Documentation/frontend/src/components/landing/Testimonials.jsx[39m:2:40
[33m  1  |  import { useState, useEffect, useCallback } from "react";
  2  |  import { motion, AnimatePresence } from "framer-motion";
     |                                           ^
  3  |  import { useReveal } from "../../hooks/useReveal";
  4  |  var _jsxFileName = "D:/AI Documentation/frontend/src/components/landing/Testimonials.jsx";[39m
[2m12:29:13 pm[22m [31m[1m[vite][22m[39m [31mInternal server error: Failed to resolve import "framer-motion" from "src/components/landing/Testimonials.jsx". Does the file exist?[39m
  Plugin: [35mvite:import-analysis[39m
  File: [36mD:/AI Documentation/frontend/src/components/landing/Testimonials.jsx[39m:2:40
[33m  1  |  import { useState, useEffect, useCallback } from "react";
  2  |  import { motion, AnimatePresence } from "framer-motion";
     |                                           ^
  3  |  import { useReveal } from "../../hooks/useReveal";
  4  |  var _jsxFileName = "D:/AI Documentation/frontend/src/components/landing/Testimonials.jsx";[39m
      at TransformPluginContext._formatLog (file:///D:/AI%20Documentation/frontend/node_modules/vite/dist/node/chunks/node.js:30602:39)
      at TransformPluginContext.error (file:///D:/AI%20Documentation/frontend/node_modules/vite/dist/node/chunks/node.js:30599:14)
      at normalizeUrl (file:///D:/AI%20Documentation/frontend/node_modules/vite/dist/node/chunks/node.js:27842:18)
      at async file:///D:/AI%20Documentation/frontend/node_modules/vite/dist/node/chunks/node.js:27905:30
      at async Promise.all (index 1)
      at async TransformPluginContext.transform (file:///D:/AI%20Documentation/frontend/node_modules/vite/dist/node/chunks/node.js:27873:4)
      at async EnvironmentPluginContainer.transform (file:///D:/AI%20Documentation/frontend/node_modules/vite/dist/node/chunks/node.js:30387:14)
      at async loadAndTransform (file:///D:/AI%20Documentation/frontend/node_modules/vite/dist/node/chunks/node.js:24646:26)
[2m12:29:13 pm[22m [31m[1m[vite][22m[39m [31m[2m(client)[22m[39m Pre-transform error: Failed to resolve import "framer-motion" from "src/components/landing/CTA.jsx". Does the file exist?
  Plugin: [35mvite:import-analysis[39m
  File: [36mD:/AI Documentation/frontend/src/components/landing/CTA.jsx[39m:1:58
[33m  1  |  import { motion, useMotionTemplate, useMotionValue } from "framer-motion";
     |                                                             ^
  2  |  import { FaArrowRight, FaCheckCircle } from "react-icons/fa";
  3  |  import { useRevealChildren } from "../../hooks/useReveal";[39m
[2m12:29:13 pm[22m [31m[1m[vite][22m[39m [31mInternal server error: Failed to resolve import "framer-motion" from "src/components/landing/CTA.jsx". Does the file exist?[39m
  Plugin: [35mvite:import-analysis[39m
  File: [36mD:/AI Documentation/frontend/src/components/landing/CTA.jsx[39m:1:58
[33m  1  |  import { motion, useMotionTemplate, useMotionValue } from "framer-motion";
     |                                                             ^
  2  |  import { FaArrowRight, FaCheckCircle } from "react-icons/fa";
  3  |  import { useRevealChildren } from "../../hooks/useReveal";[39m
      at TransformPluginContext._formatLog (file:///D:/AI%20Documentation/frontend/node_modules/vite/dist/node/chunks/node.js:30602:39)
      at TransformPluginContext.error (file:///D:/AI%20Documentation/frontend/node_modules/vite/dist/node/chunks/node.js:30599:14)
      at normalizeUrl (file:///D:/AI%20Documentation/frontend/node_modules/vite/dist/node/chunks/node.js:27842:18)
      at async file:///D:/AI%20Documentation/frontend/node_modules/vite/dist/node/chunks/node.js:27905:30
      at async Promise.all (index 0)
      at async TransformPluginContext.transform (file:///D:/AI%20Documentation/frontend/node_modules/vite/dist/node/chunks/node.js:27873:4)
      at async EnvironmentPluginContainer.transform (file:///D:/AI%20Documentation/frontend/node_modules/vite/dist/node/chunks/node.js:30387:14)
      at async loadAndTransform (file:///D:/AI%20Documentation/frontend/node_modules/vite/dist/node/chunks/node.js:24646:26)
[2m12:29:13 pm[22m [31m[1m[vite][22m[39m [31m[2m(client)[22m[39m Pre-transform error: Failed to resolve import "framer-motion" from "src/components/landing/Navbar.jsx". Does the file exist?
  Plugin: [35mvite:import-analysis[39m
  File: [36mD:/AI Documentation/frontend/src/components/landing/Navbar.jsx[39m:2:40
[33m  1  |  import { useState, useEffect } from "react";
  2  |  import { motion, AnimatePresence } from "framer-motion";
     |                                           ^
  3  |  var _jsxFileName = "D:/AI Documentation/frontend/src/components/landing/Navbar.jsx";
  4  |  import { jsxDEV as _jsxDEV } from "react/jsx-dev-runtime";[39m
[2m12:29:13 pm[22m [31m[1m[vite][22m[39m [31mInternal server error: Failed to resolve import "framer-motion" from "src/components/landing/Navbar.jsx". Does the file exist?[39m
  Plugin: [35mvite:import-analysis[39m
  File: [36mD:/AI Documentation/frontend/src/components/landing/Navbar.jsx[39m:2:40
[33m  1  |  import { useState, useEffect } from "react";
  2  |  import { motion, AnimatePresence } from "framer-motion";
     |                                           ^
  3  |  var _jsxFileName = "D:/AI Documentation/frontend/src/components/landing/Navbar.jsx";
  4  |  import { jsxDEV as _jsxDEV } from "react/jsx-dev-runtime";[39m
      at TransformPluginContext._formatLog (file:///D:/AI%20Documentation/frontend/node_modules/vite/dist/node/chunks/node.js:30602:39)
      at TransformPluginContext.error (file:///D:/AI%20Documentation/frontend/node_modules/vite/dist/node/chunks/node.js:30599:14)
      at normalizeUrl (file:///D:/AI%20Documentation/frontend/node_modules/vite/dist/node/chunks/node.js:27842:18)
      at async file:///D:/AI%20Documentation/frontend/node_modules/vite/dist/node/chunks/node.js:27905:30
      at async Promise.all (index 1)
      at async TransformPluginContext.transform (file:///D:/AI%20Documentation/frontend/node_modules/vite/dist/node/chunks/node.js:27873:4)
      at async EnvironmentPluginContainer.transform (file:///D:/AI%20Documentation/frontend/node_modules/vite/dist/node/chunks/node.js:30387:14)
      at async loadAndTransform (file:///D:/AI%20Documentation/frontend/node_modules/vite/dist/node/chunks/node.js:24646:26)
[2m12:29:13 pm[22m [31m[1m[vite][22m[39m [31m[2m(client)[22m[39m Pre-transform error: Failed to resolve import "framer-motion" from "src/components/landing/CTA.jsx". Does the file exist?
  Plugin: [35mvite:import-analysis[39m
  File: [36mD:/AI Documentation/frontend/src/components/landing/CTA.jsx[39m:1:58
[33m  1  |  import { motion, useMotionTemplate, useMotionValue } from "framer-motion";
     |                                                             ^
  2  |  import { FaArrowRight, FaCheckCircle } from "react-icons/fa";
  3  |  import { useRevealChildren } from "../../hooks/useReveal";[39m
[2m12:29:13 pm[22m [31m[1m[vite][22m[39m [31mInternal server error: Failed to resolve import "framer-motion" from "src/components/landing/CTA.jsx". Does the file exist?[39m
  Plugin: [35mvite:import-analysis[39m
  File: [36mD:/AI Documentation/frontend/src/components/landing/CTA.jsx[39m:1:58
[33m  1  |  import { motion, useMotionTemplate, useMotionValue } from "framer-motion";
     |                                                             ^
  2  |  import { FaArrowRight, FaCheckCircle } from "react-icons/fa";
  3  |  import { useRevealChildren } from "../../hooks/useReveal";[39m
      at TransformPluginContext._formatLog (file:///D:/AI%20Documentation/frontend/node_modules/vite/dist/node/chunks/node.js:30602:39)
      at TransformPluginContext.error (file:///D:/AI%20Documentation/frontend/node_modules/vite/dist/node/chunks/node.js:30599:14)
      at normalizeUrl (file:///D:/AI%20Documentation/frontend/node_modules/vite/dist/node/chunks/node.js:27842:18)
      at async file:///D:/AI%20Documentation/frontend/node_modules/vite/dist/node/chunks/node.js:27905:30
      at async Promise.all (index 0)
      at async TransformPluginContext.transform (file:///D:/AI%20Documentation/frontend/node_modules/vite/dist/node/chunks/node.js:27873:4)
      at async EnvironmentPluginContainer.transform (file:///D:/AI%20Documentation/frontend/node_modules/vite/dist/node/chunks/node.js:30387:14)
      at async loadAndTransform (file:///D:/AI%20Documentation/frontend/node_modules/vite/dist/node/chunks/node.js:24646:26)
[2m12:29:13 pm[22m [31m[1m[vite][22m[39m [31m[2m(client)[22m[39m Pre-transform error: Failed to resolve import "framer-motion" from "src/components/landing/Testimonials.jsx". Does the file exist?
  Plugin: [35mvite:import-analysis[39m
  File: [36mD:/AI Documentation/frontend/src/components/landing/Testimonials.jsx[39m:2:40
[33m  1  |  import { useState, useEffect, useCallback } from "react";
  2  |  import { motion, AnimatePresence } from "framer-motion";
     |                                           ^
  3  |  import { useReveal } from "../../hooks/useReveal";
  4  |  var _jsxFileName = "D:/AI Documentation/frontend/src/components/landing/Testimonials.jsx";[39m
[2m12:29:13 pm[22m [31m[1m[vite][22m[39m [31mInternal server error: Failed to resolve import "framer-motion" from "src/components/landing/Testimonials.jsx". Does the file exist?[39m
  Plugin: [35mvite:import-analysis[39m
  File: [36mD:/AI Documentation/frontend/src/components/landing/Testimonials.jsx[39m:2:40
[33m  1  |  import { useState, useEffect, useCallback } from "react";
  2  |  import { motion, AnimatePresence } from "framer-motion";
     |                                           ^
  3  |  import { useReveal } from "../../hooks/useReveal";
  4  |  var _jsxFileName = "D:/AI Documentation/frontend/src/components/landing/Testimonials.jsx";[39m
      at TransformPluginContext._formatLog (file:///D:/AI%20Documentation/frontend/node_modules/vite/dist/node/chunks/node.js:30602:39)
      at TransformPluginContext.error (file:///D:/AI%20Documentation/frontend/node_modules/vite/dist/node/chunks/node.js:30599:14)
      at normalizeUrl (file:///D:/AI%20Documentation/frontend/node_modules/vite/dist/node/chunks/node.js:27842:18)
      at async file:///D:/AI%20Documentation/frontend/node_modules/vite/dist/node/chunks/node.js:27905:30
      at async Promise.all (index 1)
      at async TransformPluginContext.transform (file:///D:/AI%20Documentation/frontend/node_modules/vite/dist/node/chunks/node.js:27873:4)
      at async EnvironmentPluginContainer.transform (file:///D:/AI%20Documentation/frontend/node_modules/vite/dist/node/chunks/node.js:30387:14)
      at async loadAndTransform (file:///D:/AI%20Documentation/frontend/node_modules/vite/dist/node/chunks/node.js:24646:26)
[2m12:29:14 pm[22m [31m[1m[vite][22m[39m [31m[2m(client)[22m[39m Pre-transform error: Failed to resolve import "framer-motion" from "src/components/landing/Navbar.jsx". Does the file exist?
  Plugin: [35mvite:import-analysis[39m
  File: [36mD:/AI Documentation/frontend/src/components/landing/Navbar.jsx[39m:2:40
[33m  1  |  import { useState, useEffect } from "react";
  2  |  import { motion, AnimatePresence } from "framer-motion";
     |                                           ^
  3  |  var _jsxFileName = "D:/AI Documentation/frontend/src/components/landing/Navbar.jsx";
  4  |  import { jsxDEV as _jsxDEV } from "react/jsx-dev-runtime";[39m
[2m12:29:14 pm[22m [31m[1m[vite][22m[39m [31mInternal server error: Failed to resolve import "framer-motion" from "src/components/landing/Navbar.jsx". Does the file exist?[39m
  Plugin: [35mvite:import-analysis[39m
  File: [36mD:/AI Documentation/frontend/src/components/landing/Navbar.jsx[39m:2:40
[33m  1  |  import { useState, useEffect } from "react";
  2  |  import { motion, AnimatePresence } from "framer-motion";
     |                                           ^
  3  |  var _jsxFileName = "D:/AI Documentation/frontend/src/components/landing/Navbar.jsx";
  4  |  import { jsxDEV as _jsxDEV } from "react/jsx-dev-runtime";[39m
      at TransformPluginContext._formatLog (file:///D:/AI%20Documentation/frontend/node_modules/vite/dist/node/chunks/node.js:30602:39)
      at TransformPluginContext.error (file:///D:/AI%20Documentation/frontend/node_modules/vite/dist/node/chunks/node.js:30599:14)
      at normalizeUrl (file:///D:/AI%20Documentation/frontend/node_modules/vite/dist/node/chunks/node.js:27842:18)
      at async file:///D:/AI%20Documentation/frontend/node_modules/vite/dist/node/chunks/node.js:27905:30
      at async Promise.all (index 1)
      at async TransformPluginContext.transform (file:///D:/AI%20Documentation/frontend/node_modules/vite/dist/node/chunks/node.js:27873:4)
      at async EnvironmentPluginContainer.transform (file:///D:/AI%20Documentation/frontend/node_modules/vite/dist/node/chunks/node.js:30387:14)
      at async loadAndTransform (file:///D:/AI%20Documentation/frontend/node_modules/vite/dist/node/chunks/node.js:24646:26)
[2m12:29:14 pm[22m [31m[1m[vite][22m[39m [31m[2m(client)[22m[39m Pre-transform error: Failed to resolve import "framer-motion" from "src/components/landing/CTA.jsx". Does the file exist?
  Plugin: [35mvite:import-analysis[39m
  File: [36mD:/AI Documentation/frontend/src/components/landing/CTA.jsx[39m:1:58
[33m  1  |  import { motion, useMotionTemplate, useMotionValue } from "framer-motion";
     |                                                             ^
  2  |  import { FaArrowRight, FaCheckCircle } from "react-icons/fa";
  3  |  import { useRevealChildren } from "../../hooks/useReveal";[39m
[2m12:29:14 pm[22m [31m[1m[vite][22m[39m [31mInternal server error: Failed to resolve import "framer-motion" from "src/components/landing/CTA.jsx". Does the file exist?[39m
  Plugin: [35mvite:import-analysis[39m
  File: [36mD:/AI Documentation/frontend/src/components/landing/CTA.jsx[39m:1:58
[33m  1  |  import { motion, useMotionTemplate, useMotionValue } from "framer-motion";
     |                                                             ^
  2  |  import { FaArrowRight, FaCheckCircle } from "react-icons/fa";
  3  |  import { useRevealChildren } from "../../hooks/useReveal";[39m
      at TransformPluginContext._formatLog (file:///D:/AI%20Documentation/frontend/node_modules/vite/dist/node/chunks/node.js:30602:39)
      at TransformPluginContext.error (file:///D:/AI%20Documentation/frontend/node_modules/vite/dist/node/chunks/node.js:30599:14)
      at normalizeUrl (file:///D:/AI%20Documentation/frontend/node_modules/vite/dist/node/chunks/node.js:27842:18)
      at async file:///D:/AI%20Documentation/frontend/node_modules/vite/dist/node/chunks/node.js:27905:30
      at async Promise.all (index 0)
      at async TransformPluginContext.transform (file:///D:/AI%20Documentation/frontend/node_modules/vite/dist/node/chunks/node.js:27873:4)
      at async EnvironmentPluginContainer.transform (file:///D:/AI%20Documentation/frontend/node_modules/vite/dist/node/chunks/node.js:30387:14)
      at async loadAndTransform (file:///D:/AI%20Documentation/frontend/node_modules/vite/dist/node/chunks/node.js:24646:26)
[2m12:29:14 pm[22m [31m[1m[vite][22m[39m [31m[2m(client)[22m[39m Pre-transform error: Failed to resolve import "framer-motion" from "src/components/landing/Testimonials.jsx". Does the file exist?
  Plugin: [35mvite:import-analysis[39m
  File: [36mD:/AI Documentation/frontend/src/components/landing/Testimonials.jsx[39m:2:40
[33m  1  |  import { useState, useEffect, useCallback } from "react";
  2  |  import { motion, AnimatePresence } from "framer-motion";
     |                                           ^
  3  |  import { useReveal } from "../../hooks/useReveal";
  4  |  var _jsxFileName = "D:/AI Documentation/frontend/src/components/landing/Testimonials.jsx";[39m
[2m12:29:14 pm[22m [31m[1m[vite][22m[39m [31mInternal server error: Failed to resolve import "framer-motion" from "src/components/landing/Testimonials.jsx". Does the file exist?[39m
  Plugin: [35mvite:import-analysis[39m
  File: [36mD:/AI Documentation/frontend/src/components/landing/Testimonials.jsx[39m:2:40
[33m  1  |  import { useState, useEffect, useCallback } from "react";
  2  |  import { motion, AnimatePresence } from "framer-motion";
     |                                           ^
  3  |  import { useReveal } from "../../hooks/useReveal";
  4  |  var _jsxFileName = "D:/AI Documentation/frontend/src/components/landing/Testimonials.jsx";[39m
      at TransformPluginContext._formatLog (file:///D:/AI%20Documentation/frontend/node_modules/vite/dist/node/chunks/node.js:30602:39)
      at TransformPluginContext.error (file:///D:/AI%20Documentation/frontend/node_modules/vite/dist/node/chunks/node.js:30599:14)
      at normalizeUrl (file:///D:/AI%20Documentation/frontend/node_modules/vite/dist/node/chunks/node.js:27842:18)
      at async file:///D:/AI%20Documentation/frontend/node_modules/vite/dist/node/chunks/node.js:27905:30
      at async Promise.all (index 1)
      at async TransformPluginContext.transform (file:///D:/AI%20Documentation/frontend/node_modules/vite/dist/node/chunks/node.js:27873:4)
      at async EnvironmentPluginContainer.transform (file:///D:/AI%20Documentation/frontend/node_modules/vite/dist/node/chunks/node.js:30387:14)
      at async loadAndTransform (file:///D:/AI%20Documentation/frontend/node_modules/vite/dist/node/chunks/node.js:24646:26)
[2m12:29:14 pm[22m [31m[1m[vite][22m[39m [31m[2m(client)[22m[39m Pre-transform error: Failed to resolve import "framer-motion" from "src/components/landing/Navbar.jsx". Does the file exist?
  Plugin: [35mvite:import-analysis[39m
  File: [36mD:/AI Documentation/frontend/src/components/landing/Navbar.jsx[39m:2:40
[33m  1  |  import { useState, useEffect } from "react";
  2  |  import { motion, AnimatePresence } from "framer-motion";
     |                                           ^
  3  |  var _jsxFileName = "D:/AI Documentation/frontend/src/components/landing/Navbar.jsx";
  4  |  import { jsxDEV as _jsxDEV } from "react/jsx-dev-runtime";[39m
[2m12:29:14 pm[22m [31m[1m[vite][22m[39m [31mInternal server error: Failed to resolve import "framer-motion" from "src/components/landing/Navbar.jsx". Does the file exist?[39m
  Plugin: [35mvite:import-analysis[39m
  File: [36mD:/AI Documentation/frontend/src/components/landing/Navbar.jsx[39m:2:40
[33m  1  |  import { useState, useEffect } from "react";
  2  |  import { motion, AnimatePresence } from "framer-motion";
     |                                           ^
  3  |  var _jsxFileName = "D:/AI Documentation/frontend/src/components/landing/Navbar.jsx";
  4  |  import { jsxDEV as _jsxDEV } from "react/jsx-dev-runtime";[39m
      at TransformPluginContext._formatLog (file:///D:/AI%20Documentation/frontend/node_modules/vite/dist/node/chunks/node.js:30602:39)
      at TransformPluginContext.error (file:///D:/AI%20Documentation/frontend/node_modules/vite/dist/node/chunks/node.js:30599:14)
      at normalizeUrl (file:///D:/AI%20Documentation/frontend/node_modules/vite/dist/node/chunks/node.js:27842:18)
      at async file:///D:/AI%20Documentation/frontend/node_modules/vite/dist/node/chunks/node.js:27905:30
      at async Promise.all (index 1)
      at async TransformPluginContext.transform (file:///D:/AI%20Documentation/frontend/node_modules/vite/dist/node/chunks/node.js:27873:4)
      at async EnvironmentPluginContainer.transform (file:///D:/AI%20Documentation/frontend/node_modules/vite/dist/node/chunks/node.js:30387:14)
      at async loadAndTransform (file:///D:/AI%20Documentation/frontend/node_modules/vite/dist/node/chunks/node.js:24646:26)
[2m12:29:14 pm[22m [31m[1m[vite][22m[39m [31m[2m(client)[22m[39m Pre-transform error: Failed to resolve import "framer-motion" from "src/components/landing/Testimonials.jsx". Does the file exist?
  Plugin: [35mvite:import-analysis[39m
  File: [36mD:/AI Documentation/frontend/src/components/landing/Testimonials.jsx[39m:2:40
[33m  1  |  import { useState, useEffect, useCallback } from "react";
  2  |  import { motion, AnimatePresence } from "framer-motion";
     |                                           ^
  3  |  import { useReveal } from "../../hooks/useReveal";
  4  |  var _jsxFileName = "D:/AI Documentation/frontend/src/components/landing/Testimonials.jsx";[39m
[2m12:29:14 pm[22m [31m[1m[vite][22m[39m [31mInternal server error: Failed to resolve import "framer-motion" from "src/components/landing/Testimonials.jsx". Does the file exist?[39m
  Plugin: [35mvite:import-analysis[39m
  File: [36mD:/AI Documentation/frontend/src/components/landing/Testimonials.jsx[39m:2:40
[33m  1  |  import { useState, useEffect, useCallback } from "react";
  2  |  import { motion, AnimatePresence } from "framer-motion";
     |                                           ^
  3  |  import { useReveal } from "../../hooks/useReveal";
  4  |  var _jsxFileName = "D:/AI Documentation/frontend/src/components/landing/Testimonials.jsx";[39m
      at TransformPluginContext._formatLog (file:///D:/AI%20Documentation/frontend/node_modules/vite/dist/node/chunks/node.js:30602:39)
      at TransformPluginContext.error (file:///D:/AI%20Documentation/frontend/node_modules/vite/dist/node/chunks/node.js:30599:14)
      at normalizeUrl (file:///D:/AI%20Documentation/frontend/node_modules/vite/dist/node/chunks/node.js:27842:18)
      at async file:///D:/AI%20Documentation/frontend/node_modules/vite/dist/node/chunks/node.js:27905:30
      at async Promise.all (index 1)
      at async TransformPluginContext.transform (file:///D:/AI%20Documentation/frontend/node_modules/vite/dist/node/chunks/node.js:27873:4)
      at async EnvironmentPluginContainer.transform (file:///D:/AI%20Documentation/frontend/node_modules/vite/dist/node/chunks/node.js:30387:14)
      at async loadAndTransform (file:///D:/AI%20Documentation/frontend/node_modules/vite/dist/node/chunks/node.js:24646:26)
[2m12:29:14 pm[22m [31m[1m[vite][22m[39m [31m[2m(client)[22m[39m Pre-transform error: Failed to resolve import "framer-motion" from "src/components/landing/CTA.jsx". Does the file exist?
  Plugin: [35mvite:import-analysis[39m
  File: [36mD:/AI Documentation/frontend/src/components/landing/CTA.jsx[39m:1:58
[33m  1  |  import { motion, useMotionTemplate, useMotionValue } from "framer-motion";
     |                                                             ^
  2  |  import { FaArrowRight, FaCheckCircle } from "react-icons/fa";
  3  |  import { useRevealChildren } from "../../hooks/useReveal";[39m
[2m12:29:14 pm[22m [31m[1m[vite][22m[39m [31mInternal server error: Failed to resolve import "framer-motion" from "src/components/landing/CTA.jsx". Does the file exist?[39m
  Plugin: [35mvite:import-analysis[39m
  File: [36mD:/AI Documentation/frontend/src/components/landing/CTA.jsx[39m:1:58
[33m  1  |  import { motion, useMotionTemplate, useMotionValue } from "framer-motion";
     |                                                             ^
  2  |  import { FaArrowRight, FaCheckCircle } from "react-icons/fa";
  3  |  import { useRevealChildren } from "../../hooks/useReveal";[39m
      at TransformPluginContext._formatLog (file:///D:/AI%20Documentation/frontend/node_modules/vite/dist/node/chunks/node.js:30602:39)
      at TransformPluginContext.error (file:///D:/AI%20Documentation/frontend/node_modules/vite/dist/node/chunks/node.js:30599:14)
      at normalizeUrl (file:///D:/AI%20Documentation/frontend/node_modules/vite/dist/node/chunks/node.js:27842:18)
      at async file:///D:/AI%20Documentation/frontend/node_modules/vite/dist/node/chunks/node.js:27905:30
      at async Promise.all (index 0)
      at async TransformPluginContext.transform (file:///D:/AI%20Documentation/frontend/node_modules/vite/dist/node/chunks/node.js:27873:4)
      at async EnvironmentPluginContainer.transform (file:///D:/AI%20Documentation/frontend/node_modules/vite/dist/node/chunks/node.js:30387:14)
      at async loadAndTransform (file:///D:/AI%20Documentation/frontend/node_modules/vite/dist/node/chunks/node.js:24646:26)
[2m12:29:52 pm[22m [31m[1m[vite][22m[39m [31m[2m(client)[22m[39m Pre-transform error: Failed to resolve import "framer-motion" from "src/components/landing/Navbar.jsx". Does the file exist?
  Plugin: [35mvite:import-analysis[39m
  File: [36mD:/AI Documentation/frontend/src/components/landing/Navbar.jsx[39m:2:40
[33m  1  |  import { useState, useEffect } from "react";
  2  |  import { motion, AnimatePresence } from "framer-motion";
     |                                           ^
  3  |  var _jsxFileName = "D:/AI Documentation/frontend/src/components/landing/Navbar.jsx";
  4  |  import { jsxDEV as _jsxDEV } from "react/jsx-dev-runtime";[39m
[2m12:29:52 pm[22m [31m[1m[vite][22m[39m [31mInternal server error: Failed to resolve import "framer-motion" from "src/components/landing/Navbar.jsx". Does the file exist?[39m
  Plugin: [35mvite:import-analysis[39m
  File: [36mD:/AI Documentation/frontend/src/components/landing/Navbar.jsx[39m:2:40
[33m  1  |  import { useState, useEffect } from "react";
  2  |  import { motion, AnimatePresence } from "framer-motion";
     |                                           ^
  3  |  var _jsxFileName = "D:/AI Documentation/frontend/src/components/landing/Navbar.jsx";
  4  |  import { jsxDEV as _jsxDEV } from "react/jsx-dev-runtime";[39m
      at TransformPluginContext._formatLog (file:///D:/AI%20Documentation/frontend/node_modules/vite/dist/node/chunks/node.js:30602:39)
      at TransformPluginContext.error (file:///D:/AI%20Documentation/frontend/node_modules/vite/dist/node/chunks/node.js:30599:14)
      at normalizeUrl (file:///D:/AI%20Documentation/frontend/node_modules/vite/dist/node/chunks/node.js:27842:18)
      at async file:///D:/AI%20Documentation/frontend/node_modules/vite/dist/node/chunks/node.js:27905:30
      at async Promise.all (index 1)
      at async TransformPluginContext.transform (file:///D:/AI%20Documentation/frontend/node_modules/vite/dist/node/chunks/node.js:27873:4)
      at async EnvironmentPluginContainer.transform (file:///D:/AI%20Documentation/frontend/node_modules/vite/dist/node/chunks/node.js:30387:14)
      at async loadAndTransform (file:///D:/AI%20Documentation/frontend/node_modules/vite/dist/node/chunks/node.js:24646:26)
[2m12:29:52 pm[22m [31m[1m[vite][22m[39m [31m[2m(client)[22m[39m Pre-transform error: Failed to resolve import "framer-motion" from "src/components/landing/Testimonials.jsx". Does the file exist?
  Plugin: [35mvite:import-analysis[39m
  File: [36mD:/AI Documentation/frontend/src/components/landing/Testimonials.jsx[39m:2:40
[33m  1  |  import { useState, useEffect, useCallback } from "react";
  2  |  import { motion, AnimatePresence } from "framer-motion";
     |                                           ^
  3  |  import { useReveal } from "../../hooks/useReveal";
  4  |  var _jsxFileName = "D:/AI Documentation/frontend/src/components/landing/Testimonials.jsx";[39m
[2m12:29:52 pm[22m [31m[1m[vite][22m[39m [31mInternal server error: Failed to resolve import "framer-motion" from "src/components/landing/Testimonials.jsx". Does the file exist?[39m
  Plugin: [35mvite:import-analysis[39m
  File: [36mD:/AI Documentation/frontend/src/components/landing/Testimonials.jsx[39m:2:40
[33m  1  |  import { useState, useEffect, useCallback } from "react";
  2  |  import { motion, AnimatePresence } from "framer-motion";
     |                                           ^
  3  |  import { useReveal } from "../../hooks/useReveal";
  4  |  var _jsxFileName = "D:/AI Documentation/frontend/src/components/landing/Testimonials.jsx";[39m
      at TransformPluginContext._formatLog (file:///D:/AI%20Documentation/frontend/node_modules/vite/dist/node/chunks/node.js:30602:39)
      at TransformPluginContext.error (file:///D:/AI%20Documentation/frontend/node_modules/vite/dist/node/chunks/node.js:30599:14)
      at normalizeUrl (file:///D:/AI%20Documentation/frontend/node_modules/vite/dist/node/chunks/node.js:27842:18)
      at async file:///D:/AI%20Documentation/frontend/node_modules/vite/dist/node/chunks/node.js:27905:30
      at async Promise.all (index 1)
      at async TransformPluginContext.transform (file:///D:/AI%20Documentation/frontend/node_modules/vite/dist/node/chunks/node.js:27873:4)
      at async EnvironmentPluginContainer.transform (file:///D:/AI%20Documentation/frontend/node_modules/vite/dist/node/chunks/node.js:30387:14)
      at async loadAndTransform (file:///D:/AI%20Documentation/frontend/node_modules/vite/dist/node/chunks/node.js:24646:26)
[2m12:29:52 pm[22m [31m[1m[vite][22m[39m [31m[2m(client)[22m[39m Pre-transform error: Failed to resolve import "framer-motion" from "src/components/landing/CTA.jsx". Does the file exist?
  Plugin: [35mvite:import-analysis[39m
  File: [36mD:/AI Documentation/frontend/src/components/landing/CTA.jsx[39m:1:58
[33m  1  |  import { motion, useMotionTemplate, useMotionValue } from "framer-motion";
     |                                                             ^
  2  |  import { FaArrowRight, FaCheckCircle } from "react-icons/fa";
  3  |  import { useRevealChildren } from "../../hooks/useReveal";[39m
[2m12:29:52 pm[22m [31m[1m[vite][22m[39m [31mInternal server error: Failed to resolve import "framer-motion" from "src/components/landing/CTA.jsx". Does the file exist?[39m
  Plugin: [35mvite:import-analysis[39m
  File: [36mD:/AI Documentation/frontend/src/components/landing/CTA.jsx[39m:1:58
[33m  1  |  import { motion, useMotionTemplate, useMotionValue } from "framer-motion";
     |                                                             ^
  2  |  import { FaArrowRight, FaCheckCircle } from "react-icons/fa";
  3  |  import { useRevealChildren } from "../../hooks/useReveal";[39m
      at TransformPluginContext._formatLog (file:///D:/AI%20Documentation/frontend/node_modules/vite/dist/node/chunks/node.js:30602:39)
      at TransformPluginContext.error (file:///D:/AI%20Documentation/frontend/node_modules/vite/dist/node/chunks/node.js:30599:14)
      at normalizeUrl (file:///D:/AI%20Documentation/frontend/node_modules/vite/dist/node/chunks/node.js:27842:18)
      at async file:///D:/AI%20Documentation/frontend/node_modules/vite/dist/node/chunks/node.js:27905:30
      at async Promise.all (index 0)
      at async TransformPluginContext.transform (file:///D:/AI%20Documentation/frontend/node_modules/vite/dist/node/chunks/node.js:27873:4)
      at async EnvironmentPluginContainer.transform (file:///D:/AI%20Documentation/frontend/node_modules/vite/dist/node/chunks/node.js:30387:14)
      at async loadAndTransform (file:///D:/AI%20Documentation/frontend/node_modules/vite/dist/node/chunks/node.js:24646:26)
[2m12:29:58 pm[22m [31m[1m[vite][22m[39m [31m[2m(client)[22m[39m Pre-transform error: Failed to resolve import "framer-motion" from "src/components/landing/Navbar.jsx". Does the file exist?
  Plugin: [35mvite:import-analysis[39m
  File: [36mD:/AI Documentation/frontend/src/components/landing/Navbar.jsx[39m:2:40
[33m  1  |  import { useState, useEffect } from "react";
  2  |  import { motion, AnimatePresence } from "framer-motion";
     |                                           ^
  3  |  var _jsxFileName = "D:/AI Documentation/frontend/src/components/landing/Navbar.jsx";
  4  |  import { jsxDEV as _jsxDEV } from "react/jsx-dev-runtime";[39m
[2m12:29:58 pm[22m [31m[1m[vite][22m[39m [31m[2m(client)[22m[39m Pre-transform error: Failed to resolve import "framer-motion" from "src/components/landing/Navbar.jsx". Does the file exist?
  Plugin: [35mvite:import-analysis[39m
  File: [36mD:/AI Documentation/frontend/src/components/landing/Navbar.jsx[39m:2:40
[33m  1  |  import { useState, useEffect } from "react";
  2  |  import { motion, AnimatePresence } from "framer-motion";
     |                                           ^
  3  |  var _jsxFileName = "D:/AI Documentation/frontend/src/components/landing/Navbar.jsx";
  4  |  import { jsxDEV as _jsxDEV } from "react/jsx-dev-runtime";[39m
[2m12:29:58 pm[22m [31m[1m[vite][22m[39m [31m[2m(client)[22m[39m Pre-transform error: Failed to resolve import "framer-motion" from "src/components/landing/CTA.jsx". Does the file exist?
  Plugin: [35mvite:import-analysis[39m
  File: [36mD:/AI Documentation/frontend/src/components/landing/CTA.jsx[39m:1:58
[33m  1  |  import { motion, useMotionTemplate, useMotionValue } from "framer-motion";
     |                                                             ^
  2  |  import { FaArrowRight, FaCheckCircle } from "react-icons/fa";
  3  |  import { useRevealChildren } from "../../hooks/useReveal";[39m
[2m12:29:58 pm[22m [31m[1m[vite][22m[39m [31m[2m(client)[22m[39m Pre-transform error: Failed to resolve import "framer-motion" from "src/components/landing/CTA.jsx". Does the file exist?
  Plugin: [35mvite:import-analysis[39m
  File: [36mD:/AI Documentation/frontend/src/components/landing/CTA.jsx[39m:1:58
[33m  1  |  import { motion, useMotionTemplate, useMotionValue } from "framer-motion";
     |                                                             ^
  2  |  import { FaArrowRight, FaCheckCircle } from "react-icons/fa";
  3  |  import { useRevealChildren } from "../../hooks/useReveal";[39m
[2m12:29:58 pm[22m [31m[1m[vite][22m[39m [31m[2m(client)[22m[39m Pre-transform error: Failed to resolve import "framer-motion" from "src/components/landing/Testimonials.jsx". Does the file exist?
  Plugin: [35mvite:import-analysis[39m
  File: [36mD:/AI Documentation/frontend/src/components/landing/Testimonials.jsx[39m:2:40
[33m  1  |  import { useState, useEffect, useCallback } from "react";
  2  |  import { motion, AnimatePresence } from "framer-motion";
     |                                           ^
  3  |  import { useReveal } from "../../hooks/useReveal";
  4  |  var _jsxFileName = "D:/AI Documentation/frontend/src/components/landing/Testimonials.jsx";[39m
[2m12:29:58 pm[22m [31m[1m[vite][22m[39m [31m[2m(client)[22m[39m Pre-transform error: Failed to resolve import "framer-motion" from "src/components/landing/Testimonials.jsx". Does the file exist?
  Plugin: [35mvite:import-analysis[39m
  File: [36mD:/AI Documentation/frontend/src/components/landing/Testimonials.jsx[39m:2:40
[33m  1  |  import { useState, useEffect, useCallback } from "react";
  2  |  import { motion, AnimatePresence } from "framer-motion";
     |                                           ^
  3  |  import { useReveal } from "../../hooks/useReveal";
  4  |  var _jsxFileName = "D:/AI Documentation/frontend/src/components/landing/Testimonials.jsx";[39m
[2m12:29:58 pm[22m [31m[1m[vite][22m[39m [31m[2m(client)[22m[39m Pre-transform error: Failed to resolve import "framer-motion" from "src/components/landing/Navbar.jsx". Does the file exist?
  Plugin: [35mvite:import-analysis[39m
  File: [36mD:/AI Documentation/frontend/src/components/landing/Navbar.jsx[39m:2:40
[33m  1  |  import { useState, useEffect } from "react";
  2  |  import { motion, AnimatePresence } from "framer-motion";
     |                                           ^
  3  |  var _jsxFileName = "D:/AI Documentation/frontend/src/components/landing/Navbar.jsx";
  4  |  import { jsxDEV as _jsxDEV } from "react/jsx-dev-runtime";[39m
[2m12:29:58 pm[22m [31m[1m[vite][22m[39m [31mInternal server error: Failed to resolve import "framer-motion" from "src/components/landing/Navbar.jsx". Does the file exist?[39m
  Plugin: [35mvite:import-analysis[39m
  File: [36mD:/AI Documentation/frontend/src/components/landing/Navbar.jsx[39m:2:40
[33m  1  |  import { useState, useEffect } from "react";
  2  |  import { motion, AnimatePresence } from "framer-motion";
     |                                           ^
  3  |  var _jsxFileName = "D:/AI Documentation/frontend/src/components/landing/Navbar.jsx";
  4  |  import { jsxDEV as _jsxDEV } from "react/jsx-dev-runtime";[39m
      at TransformPluginContext._formatLog (file:///D:/AI%20Documentation/frontend/node_modules/vite/dist/node/chunks/node.js:30602:39)
      at TransformPluginContext.error (file:///D:/AI%20Documentation/frontend/node_modules/vite/dist/node/chunks/node.js:30599:14)
      at normalizeUrl (file:///D:/AI%20Documentation/frontend/node_modules/vite/dist/node/chunks/node.js:27842:18)
      at async file:///D:/AI%20Documentation/frontend/node_modules/vite/dist/node/chunks/node.js:27905:30
      at async Promise.all (index 1)
      at async TransformPluginContext.transform (file:///D:/AI%20Documentation/frontend/node_modules/vite/dist/node/chunks/node.js:27873:4)
      at async EnvironmentPluginContainer.transform (file:///D:/AI%20Documentation/frontend/node_modules/vite/dist/node/chunks/node.js:30387:14)
      at async loadAndTransform (file:///D:/AI%20Documentation/frontend/node_modules/vite/dist/node/chunks/node.js:24646:26)
[2m12:29:58 pm[22m [31m[1m[vite][22m[39m [31m[2m(client)[22m[39m Pre-transform error: Failed to resolve import "framer-motion" from "src/components/landing/Testimonials.jsx". Does the file exist?
  Plugin: [35mvite:import-analysis[39m
  File: [36mD:/AI Documentation/frontend/src/components/landing/Testimonials.jsx[39m:2:40
[33m  1  |  import { useState, useEffect, useCallback } from "react";
  2  |  import { motion, AnimatePresence } from "framer-motion";
     |                                           ^
  3  |  import { useReveal } from "../../hooks/useReveal";
  4  |  var _jsxFileName = "D:/AI Documentation/frontend/src/components/landing/Testimonials.jsx";[39m
[2m12:29:58 pm[22m [31m[1m[vite][22m[39m [31mInternal server error: Failed to resolve import "framer-motion" from "src/components/landing/Testimonials.jsx". Does the file exist?[39m
  Plugin: [35mvite:import-analysis[39m
  File: [36mD:/AI Documentation/frontend/src/components/landing/Testimonials.jsx[39m:2:40
[33m  1  |  import { useState, useEffect, useCallback } from "react";
  2  |  import { motion, AnimatePresence } from "framer-motion";
     |                                           ^
  3  |  import { useReveal } from "../../hooks/useReveal";
  4  |  var _jsxFileName = "D:/AI Documentation/frontend/src/components/landing/Testimonials.jsx";[39m
      at TransformPluginContext._formatLog (file:///D:/AI%20Documentation/frontend/node_modules/vite/dist/node/chunks/node.js:30602:39)
      at TransformPluginContext.error (file:///D:/AI%20Documentation/frontend/node_modules/vite/dist/node/chunks/node.js:30599:14)
      at normalizeUrl (file:///D:/AI%20Documentation/frontend/node_modules/vite/dist/node/chunks/node.js:27842:18)
      at async file:///D:/AI%20Documentation/frontend/node_modules/vite/dist/node/chunks/node.js:27905:30
      at async Promise.all (index 1)
      at async TransformPluginContext.transform (file:///D:/AI%20Documentation/frontend/node_modules/vite/dist/node/chunks/node.js:27873:4)
      at async EnvironmentPluginContainer.transform (file:///D:/AI%20Documentation/frontend/node_modules/vite/dist/node/chunks/node.js:30387:14)
      at async loadAndTransform (file:///D:/AI%20Documentation/frontend/node_modules/vite/dist/node/chunks/node.js:24646:26)
[2m12:29:58 pm[22m [31m[1m[vite][22m[39m [31m[2m(client)[22m[39m Pre-transform error: Failed to resolve import "framer-motion" from "src/components/landing/CTA.jsx". Does the file exist?
  Plugin: [35mvite:import-analysis[39m
  File: [36mD:/AI Documentation/frontend/src/components/landing/CTA.jsx[39m:1:58
[33m  1  |  import { motion, useMotionTemplate, useMotionValue } from "framer-motion";
     |                                                             ^
  2  |  import { FaArrowRight, FaCheckCircle } from "react-icons/fa";
  3  |  import { useRevealChildren } from "../../hooks/useReveal";[39m
[2m12:29:58 pm[22m [31m[1m[vite][22m[39m [31mInternal server error: Failed to resolve import "framer-motion" from "src/components/landing/CTA.jsx". Does the file exist?[39m
  Plugin: [35mvite:import-analysis[39m
  File: [36mD:/AI Documentation/frontend/src/components/landing/CTA.jsx[39m:1:58
[33m  1  |  import { motion, useMotionTemplate, useMotionValue } from "framer-motion";
     |                                                             ^
  2  |  import { FaArrowRight, FaCheckCircle } from "react-icons/fa";
  3  |  import { useRevealChildren } from "../../hooks/useReveal";[39m
      at TransformPluginContext._formatLog (file:///D:/AI%20Documentation/frontend/node_modules/vite/dist/node/chunks/node.js:30602:39)
      at TransformPluginContext.error (file:///D:/AI%20Documentation/frontend/node_modules/vite/dist/node/chunks/node.js:30599:14)
      at normalizeUrl (file:///D:/AI%20Documentation/frontend/node_modules/vite/dist/node/chunks/node.js:27842:18)
      at async file:///D:/AI%20Documentation/frontend/node_modules/vite/dist/node/chunks/node.js:27905:30
      at async Promise.all (index 0)
      at async TransformPluginContext.transform (file:///D:/AI%20Documentation/frontend/node_modules/vite/dist/node/chunks/node.js:27873:4)
      at async EnvironmentPluginContainer.transform (file:///D:/AI%20Documentation/frontend/node_modules/vite/dist/node/chunks/node.js:30387:14)
      at async loadAndTransform (file:///D:/AI%20Documentation/frontend/node_modules/vite/dist/node/chunks/node.js:24646:26)
[2m12:29:59 pm[22m [31m[1m[vite][22m[39m [31m[2m(client)[22m[39m Pre-transform error: Failed to resolve import "framer-motion" from "src/components/landing/Navbar.jsx". Does the file exist?
  Plugin: [35mvite:import-analysis[39m
  File: [36mD:/AI Documentation/frontend/src/components/landing/Navbar.jsx[39m:2:40
[33m  1  |  import { useState, useEffect } from "react";
  2  |  import { motion, AnimatePresence } from "framer-motion";
     |                                           ^
  3  |  var _jsxFileName = "D:/AI Documentation/frontend/src/components/landing/Navbar.jsx";
  4  |  import { jsxDEV as _jsxDEV } from "react/jsx-dev-runtime";[39m
[2m12:29:59 pm[22m [31m[1m[vite][22m[39m [31mInternal server error: Failed to resolve import "framer-motion" from "src/components/landing/Navbar.jsx". Does the file exist?[39m
  Plugin: [35mvite:import-analysis[39m
  File: [36mD:/AI Documentation/frontend/src/components/landing/Navbar.jsx[39m:2:40
[33m  1  |  import { useState, useEffect } from "react";
  2  |  import { motion, AnimatePresence } from "framer-motion";
     |                                           ^
  3  |  var _jsxFileName = "D:/AI Documentation/frontend/src/components/landing/Navbar.jsx";
  4  |  import { jsxDEV as _jsxDEV } from "react/jsx-dev-runtime";[39m
      at TransformPluginContext._formatLog (file:///D:/AI%20Documentation/frontend/node_modules/vite/dist/node/chunks/node.js:30602:39)
      at TransformPluginContext.error (file:///D:/AI%20Documentation/frontend/node_modules/vite/dist/node/chunks/node.js:30599:14)
      at normalizeUrl (file:///D:/AI%20Documentation/frontend/node_modules/vite/dist/node/chunks/node.js:27842:18)
      at async file:///D:/AI%20Documentation/frontend/node_modules/vite/dist/node/chunks/node.js:27905:30
      at async Promise.all (index 1)
      at async TransformPluginContext.transform (file:///D:/AI%20Documentation/frontend/node_modules/vite/dist/node/chunks/node.js:27873:4)
      at async EnvironmentPluginContainer.transform (file:///D:/AI%20Documentation/frontend/node_modules/vite/dist/node/chunks/node.js:30387:14)
      at async loadAndTransform (file:///D:/AI%20Documentation/frontend/node_modules/vite/dist/node/chunks/node.js:24646:26)
[2m12:29:59 pm[22m [31m[1m[vite][22m[39m [31m[2m(client)[22m[39m Pre-transform error: Failed to resolve import "framer-motion" from "src/components/landing/Testimonials.jsx". Does the file exist?
  Plugin: [35mvite:import-analysis[39m
  File: [36mD:/AI Documentation/frontend/src/components/landing/Testimonials.jsx[39m:2:40
[33m  1  |  import { useState, useEffect, useCallback } from "react";
  2  |  import { motion, AnimatePresence } from "framer-motion";
     |                                           ^
  3  |  import { useReveal } from "../../hooks/useReveal";
  4  |  var _jsxFileName = "D:/AI Documentation/frontend/src/components/landing/Testimonials.jsx";[39m
[2m12:29:59 pm[22m [31m[1m[vite][22m[39m [31mInternal server error: Failed to resolve import "framer-motion" from "src/components/landing/Testimonials.jsx". Does the file exist?[39m
  Plugin: [35mvite:import-analysis[39m
  File: [36mD:/AI Documentation/frontend/src/components/landing/Testimonials.jsx[39m:2:40
[33m  1  |  import { useState, useEffect, useCallback } from "react";
  2  |  import { motion, AnimatePresence } from "framer-motion";
     |                                           ^
  3  |  import { useReveal } from "../../hooks/useReveal";
  4  |  var _jsxFileName = "D:/AI Documentation/frontend/src/components/landing/Testimonials.jsx";[39m
      at TransformPluginContext._formatLog (file:///D:/AI%20Documentation/frontend/node_modules/vite/dist/node/chunks/node.js:30602:39)
      at TransformPluginContext.error (file:///D:/AI%20Documentation/frontend/node_modules/vite/dist/node/chunks/node.js:30599:14)
      at normalizeUrl (file:///D:/AI%20Documentation/frontend/node_modules/vite/dist/node/chunks/node.js:27842:18)
      at async file:///D:/AI%20Documentation/frontend/node_modules/vite/dist/node/chunks/node.js:27905:30
      at async Promise.all (index 1)
      at async TransformPluginContext.transform (file:///D:/AI%20Documentation/frontend/node_modules/vite/dist/node/chunks/node.js:27873:4)
      at async EnvironmentPluginContainer.transform (file:///D:/AI%20Documentation/frontend/node_modules/vite/dist/node/chunks/node.js:30387:14)
      at async loadAndTransform (file:///D:/AI%20Documentation/frontend/node_modules/vite/dist/node/chunks/node.js:24646:26)
[2m12:29:59 pm[22m [31m[1m[vite][22m[39m [31m[2m(client)[22m[39m Pre-transform error: Failed to resolve import "framer-motion" from "src/components/landing/CTA.jsx". Does the file exist?
  Plugin: [35mvite:import-analysis[39m
  File: [36mD:/AI Documentation/frontend/src/components/landing/CTA.jsx[39m:1:58
[33m  1  |  import { motion, useMotionTemplate, useMotionValue } from "framer-motion";
     |                                                             ^
  2  |  import { FaArrowRight, FaCheckCircle } from "react-icons/fa";
  3  |  import { useRevealChildren } from "../../hooks/useReveal";[39m
[2m12:29:59 pm[22m [31m[1m[vite][22m[39m [31mInternal server error: Failed to resolve import "framer-motion" from "src/components/landing/CTA.jsx". Does the file exist?[39m
  Plugin: [35mvite:import-analysis[39m
  File: [36mD:/AI Documentation/frontend/src/components/landing/CTA.jsx[39m:1:58
[33m  1  |  import { motion, useMotionTemplate, useMotionValue } from "framer-motion";
     |                                                             ^
  2  |  import { FaArrowRight, FaCheckCircle } from "react-icons/fa";
  3  |  import { useRevealChildren } from "../../hooks/useReveal";[39m
      at TransformPluginContext._formatLog (file:///D:/AI%20Documentation/frontend/node_modules/vite/dist/node/chunks/node.js:30602:39)
      at TransformPluginContext.error (file:///D:/AI%20Documentation/frontend/node_modules/vite/dist/node/chunks/node.js:30599:14)
      at normalizeUrl (file:///D:/AI%20Documentation/frontend/node_modules/vite/dist/node/chunks/node.js:27842:18)
      at async file:///D:/AI%20Documentation/frontend/node_modules/vite/dist/node/chunks/node.js:27905:30
      at async Promise.all (index 0)
      at async TransformPluginContext.transform (file:///D:/AI%20Documentation/frontend/node_modules/vite/dist/node/chunks/node.js:27873:4)
      at async EnvironmentPluginContainer.transform (file:///D:/AI%20Documentation/frontend/node_modules/vite/dist/node/chunks/node.js:30387:14)
      at async loadAndTransform (file:///D:/AI%20Documentation/frontend/node_modules/vite/dist/node/chunks/node.js:24646:26)
[2m12:30:00 pm[22m [31m[1m[vite][22m[39m [31m[2m(client)[22m[39m Pre-transform error: Failed to resolve import "framer-motion" from "src/components/landing/Navbar.jsx". Does the file exist?
  Plugin: [35mvite:import-analysis[39m
  File: [36mD:/AI Documentation/frontend/src/components/landing/Navbar.jsx[39m:2:40
[33m  1  |  import { useState, useEffect } from "react";
  2  |  import { motion, AnimatePresence } from "framer-motion";
     |                                           ^
  3  |  var _jsxFileName = "D:/AI Documentation/frontend/src/components/landing/Navbar.jsx";
  4  |  import { jsxDEV as _jsxDEV } from "react/jsx-dev-runtime";[39m
[2m12:30:00 pm[22m [31m[1m[vite][22m[39m [31mInternal server error: Failed to resolve import "framer-motion" from "src/components/landing/Navbar.jsx". Does the file exist?[39m
  Plugin: [35mvite:import-analysis[39m
  File: [36mD:/AI Documentation/frontend/src/components/landing/Navbar.jsx[39m:2:40
[33m  1  |  import { useState, useEffect } from "react";
  2  |  import { motion, AnimatePresence } from "framer-motion";
     |                                           ^
  3  |  var _jsxFileName = "D:/AI Documentation/frontend/src/components/landing/Navbar.jsx";
  4  |  import { jsxDEV as _jsxDEV } from "react/jsx-dev-runtime";[39m
      at TransformPluginContext._formatLog (file:///D:/AI%20Documentation/frontend/node_modules/vite/dist/node/chunks/node.js:30602:39)
      at TransformPluginContext.error (file:///D:/AI%20Documentation/frontend/node_modules/vite/dist/node/chunks/node.js:30599:14)
      at normalizeUrl (file:///D:/AI%20Documentation/frontend/node_modules/vite/dist/node/chunks/node.js:27842:18)
      at async file:///D:/AI%20Documentation/frontend/node_modules/vite/dist/node/chunks/node.js:27905:30
      at async Promise.all (index 1)
      at async TransformPluginContext.transform (file:///D:/AI%20Documentation/frontend/node_modules/vite/dist/node/chunks/node.js:27873:4)
      at async EnvironmentPluginContainer.transform (file:///D:/AI%20Documentation/frontend/node_modules/vite/dist/node/chunks/node.js:30387:14)
      at async loadAndTransform (file:///D:/AI%20Documentation/frontend/node_modules/vite/dist/node/chunks/node.js:24646:26)
[2m12:30:00 pm[22m [31m[1m[vite][22m[39m [31m[2m(client)[22m[39m Pre-transform error: Failed to resolve import "framer-motion" from "src/components/landing/Testimonials.jsx". Does the file exist?
  Plugin: [35mvite:import-analysis[39m
  File: [36mD:/AI Documentation/frontend/src/components/landing/Testimonials.jsx[39m:2:40
[33m  1  |  import { useState, useEffect, useCallback } from "react";
  2  |  import { motion, AnimatePresence } from "framer-motion";
     |                                           ^
  3  |  import { useReveal } from "../../hooks/useReveal";
  4  |  var _jsxFileName = "D:/AI Documentation/frontend/src/components/landing/Testimonials.jsx";[39m
[2m12:30:00 pm[22m [31m[1m[vite][22m[39m [31mInternal server error: Failed to resolve import "framer-motion" from "src/components/landing/Testimonials.jsx". Does the file exist?[39m
  Plugin: [35mvite:import-analysis[39m
  File: [36mD:/AI Documentation/frontend/src/components/landing/Testimonials.jsx[39m:2:40
[33m  1  |  import { useState, useEffect, useCallback } from "react";
  2  |  import { motion, AnimatePresence } from "framer-motion";
     |                                           ^
  3  |  import { useReveal } from "../../hooks/useReveal";
  4  |  var _jsxFileName = "D:/AI Documentation/frontend/src/components/landing/Testimonials.jsx";[39m
      at TransformPluginContext._formatLog (file:///D:/AI%20Documentation/frontend/node_modules/vite/dist/node/chunks/node.js:30602:39)
      at TransformPluginContext.error (file:///D:/AI%20Documentation/frontend/node_modules/vite/dist/node/chunks/node.js:30599:14)
      at normalizeUrl (file:///D:/AI%20Documentation/frontend/node_modules/vite/dist/node/chunks/node.js:27842:18)
      at async file:///D:/AI%20Documentation/frontend/node_modules/vite/dist/node/chunks/node.js:27905:30
      at async Promise.all (index 1)
      at async TransformPluginContext.transform (file:///D:/AI%20Documentation/frontend/node_modules/vite/dist/node/chunks/node.js:27873:4)
      at async EnvironmentPluginContainer.transform (file:///D:/AI%20Documentation/frontend/node_modules/vite/dist/node/chunks/node.js:30387:14)
      at async loadAndTransform (file:///D:/AI%20Documentation/frontend/node_modules/vite/dist/node/chunks/node.js:24646:26)
[2m12:30:00 pm[22m [31m[1m[vite][22m[39m [31m[2m(client)[22m[39m Pre-transform error: Failed to resolve import "framer-motion" from "src/components/landing/CTA.jsx". Does the file exist?
  Plugin: [35mvite:import-analysis[39m
  File: [36mD:/AI Documentation/frontend/src/components/landing/CTA.jsx[39m:1:58
[33m  1  |  import { motion, useMotionTemplate, useMotionValue } from "framer-motion";
     |                                                             ^
  2  |  import { FaArrowRight, FaCheckCircle } from "react-icons/fa";
  3  |  import { useRevealChildren } from "../../hooks/useReveal";[39m
[2m12:30:00 pm[22m [31m[1m[vite][22m[39m [31mInternal server error: Failed to resolve import "framer-motion" from "src/components/landing/CTA.jsx". Does the file exist?[39m
  Plugin: [35mvite:import-analysis[39m
  File: [36mD:/AI Documentation/frontend/src/components/landing/CTA.jsx[39m:1:58
[33m  1  |  import { motion, useMotionTemplate, useMotionValue } from "framer-motion";
     |                                                             ^
  2  |  import { FaArrowRight, FaCheckCircle } from "react-icons/fa";
  3  |  import { useRevealChildren } from "../../hooks/useReveal";[39m
      at TransformPluginContext._formatLog (file:///D:/AI%20Documentation/frontend/node_modules/vite/dist/node/chunks/node.js:30602:39)
      at TransformPluginContext.error (file:///D:/AI%20Documentation/frontend/node_modules/vite/dist/node/chunks/node.js:30599:14)
      at normalizeUrl (file:///D:/AI%20Documentation/frontend/node_modules/vite/dist/node/chunks/node.js:27842:18)
      at async file:///D:/AI%20Documentation/frontend/node_modules/vite/dist/node/chunks/node.js:27905:30
      at async Promise.all (index 0)
      at async TransformPluginContext.transform (file:///D:/AI%20Documentation/frontend/node_modules/vite/dist/node/chunks/node.js:27873:4)
      at async EnvironmentPluginContainer.transform (file:///D:/AI%20Documentation/frontend/node_modules/vite/dist/node/chunks/node.js:30387:14)
      at async loadAndTransform (file:///D:/AI%20Documentation/frontend/node_modules/vite/dist/node/chunks/node.js:24646:26)
[2m12:30:00 pm[22m [31m[1m[vite][22m[39m [31m[2m(client)[22m[39m Pre-transform error: Failed to resolve import "framer-motion" from "src/components/landing/Testimonials.jsx". Does the file exist?
  Plugin: [35mvite:import-analysis[39m
  File: [36mD:/AI Documentation/frontend/src/components/landing/Testimonials.jsx[39m:2:40
[33m  1  |  import { useState, useEffect, useCallback } from "react";
  2  |  import { motion, AnimatePresence } from "framer-motion";
     |                                           ^
  3  |  import { useReveal } from "../../hooks/useReveal";
  4  |  var _jsxFileName = "D:/AI Documentation/frontend/src/components/landing/Testimonials.jsx";[39m
[2m12:30:00 pm[22m [31m[1m[vite][22m[39m [31mInternal server error: Failed to resolve import "framer-motion" from "src/components/landing/Testimonials.jsx". Does the file exist?[39m
  Plugin: [35mvite:import-analysis[39m
  File: [36mD:/AI Documentation/frontend/src/components/landing/Testimonials.jsx[39m:2:40
[33m  1  |  import { useState, useEffect, useCallback } from "react";
  2  |  import { motion, AnimatePresence } from "framer-motion";
     |                                           ^
  3  |  import { useReveal } from "../../hooks/useReveal";
  4  |  var _jsxFileName = "D:/AI Documentation/frontend/src/components/landing/Testimonials.jsx";[39m
      at TransformPluginContext._formatLog (file:///D:/AI%20Documentation/frontend/node_modules/vite/dist/node/chunks/node.js:30602:39)
      at TransformPluginContext.error (file:///D:/AI%20Documentation/frontend/node_modules/vite/dist/node/chunks/node.js:30599:14)
      at normalizeUrl (file:///D:/AI%20Documentation/frontend/node_modules/vite/dist/node/chunks/node.js:27842:18)
      at async file:///D:/AI%20Documentation/frontend/node_modules/vite/dist/node/chunks/node.js:27905:30
      at async Promise.all (index 1)
      at async TransformPluginContext.transform (file:///D:/AI%20Documentation/frontend/node_modules/vite/dist/node/chunks/node.js:27873:4)
      at async EnvironmentPluginContainer.transform (file:///D:/AI%20Documentation/frontend/node_modules/vite/dist/node/chunks/node.js:30387:14)
      at async loadAndTransform (file:///D:/AI%20Documentation/frontend/node_modules/vite/dist/node/chunks/node.js:24646:26)
[2m12:30:00 pm[22m [31m[1m[vite][22m[39m [31m[2m(client)[22m[39m Pre-transform error: Failed to resolve import "framer-motion" from "src/components/landing/Navbar.jsx". Does the file exist?
  Plugin: [35mvite:import-analysis[39m
  File: [36mD:/AI Documentation/frontend/src/components/landing/Navbar.jsx[39m:2:40
[33m  1  |  import { useState, useEffect } from "react";
  2  |  import { motion, AnimatePresence } from "framer-motion";
     |                                           ^
  3  |  var _jsxFileName = "D:/AI Documentation/frontend/src/components/landing/Navbar.jsx";
  4  |  import { jsxDEV as _jsxDEV } from "react/jsx-dev-runtime";[39m
[2m12:30:00 pm[22m [31m[1m[vite][22m[39m [31mInternal server error: Failed to resolve import "framer-motion" from "src/components/landing/Navbar.jsx". Does the file exist?[39m
  Plugin: [35mvite:import-analysis[39m
  File: [36mD:/AI Documentation/frontend/src/components/landing/Navbar.jsx[39m:2:40
[33m  1  |  import { useState, useEffect } from "react";
  2  |  import { motion, AnimatePresence } from "framer-motion";
     |                                           ^
  3  |  var _jsxFileName = "D:/AI Documentation/frontend/src/components/landing/Navbar.jsx";
  4  |  import { jsxDEV as _jsxDEV } from "react/jsx-dev-runtime";[39m
      at TransformPluginContext._formatLog (file:///D:/AI%20Documentation/frontend/node_modules/vite/dist/node/chunks/node.js:30602:39)
      at TransformPluginContext.error (file:///D:/AI%20Documentation/frontend/node_modules/vite/dist/node/chunks/node.js:30599:14)
      at normalizeUrl (file:///D:/AI%20Documentation/frontend/node_modules/vite/dist/node/chunks/node.js:27842:18)
      at async file:///D:/AI%20Documentation/frontend/node_modules/vite/dist/node/chunks/node.js:27905:30
      at async Promise.all (index 1)
      at async TransformPluginContext.transform (file:///D:/AI%20Documentation/frontend/node_modules/vite/dist/node/chunks/node.js:27873:4)
      at async EnvironmentPluginContainer.transform (file:///D:/AI%20Documentation/frontend/node_modules/vite/dist/node/chunks/node.js:30387:14)
      at async loadAndTransform (file:///D:/AI%20Documentation/frontend/node_modules/vite/dist/node/chunks/node.js:24646:26)
[2m12:30:00 pm[22m [31m[1m[vite][22m[39m [31m[2m(client)[22m[39m Pre-transform error: Failed to resolve import "framer-motion" from "src/components/landing/CTA.jsx". Does the file exist?
  Plugin: [35mvite:import-analysis[39m
  File: [36mD:/AI Documentation/frontend/src/components/landing/CTA.jsx[39m:1:58
[33m  1  |  import { motion, useMotionTemplate, useMotionValue } from "framer-motion";
     |                                                             ^
  2  |  import { FaArrowRight, FaCheckCircle } from "react-icons/fa";
  3  |  import { useRevealChildren } from "../../hooks/useReveal";[39m
[2m12:30:00 pm[22m [31m[1m[vite][22m[39m [31mInternal server error: Failed to resolve import "framer-motion" from "src/components/landing/CTA.jsx". Does the file exist?[39m
  Plugin: [35mvite:import-analysis[39m
  File: [36mD:/AI Documentation/frontend/src/components/landing/CTA.jsx[39m:1:58
[33m  1  |  import { motion, useMotionTemplate, useMotionValue } from "framer-motion";
     |                                                             ^
  2  |  import { FaArrowRight, FaCheckCircle } from "react-icons/fa";
  3  |  import { useRevealChildren } from "../../hooks/useReveal";[39m
      at TransformPluginContext._formatLog (file:///D:/AI%20Documentation/frontend/node_modules/vite/dist/node/chunks/node.js:30602:39)
      at TransformPluginContext.error (file:///D:/AI%20Documentation/frontend/node_modules/vite/dist/node/chunks/node.js:30599:14)
      at normalizeUrl (file:///D:/AI%20Documentation/frontend/node_modules/vite/dist/node/chunks/node.js:27842:18)
      at async file:///D:/AI%20Documentation/frontend/node_modules/vite/dist/node/chunks/node.js:27905:30
      at async Promise.all (index 0)
      at async TransformPluginContext.transform (file:///D:/AI%20Documentation/frontend/node_modules/vite/dist/node/chunks/node.js:27873:4)
      at async EnvironmentPluginContainer.transform (file:///D:/AI%20Documentation/frontend/node_modules/vite/dist/node/chunks/node.js:30387:14)
      at async loadAndTransform (file:///D:/AI%20Documentation/frontend/node_modules/vite/dist/node/chunks/node.js:24646:26)
[2m12:30:00 pm[22m [31m[1m[vite][22m[39m [31m[2m(client)[22m[39m Pre-transform error: Failed to resolve import "framer-motion" from "src/components/landing/Navbar.jsx". Does the file exist?
  Plugin: [35mvite:import-analysis[39m
  File: [36mD:/AI Documentation/frontend/src/components/landing/Navbar.jsx[39m:2:40
[33m  1  |  import { useState, useEffect } from "react";
  2  |  import { motion, AnimatePresence } from "framer-motion";
     |                                           ^
  3  |  var _jsxFileName = "D:/AI Documentation/frontend/src/components/landing/Navbar.jsx";
  4  |  import { jsxDEV as _jsxDEV } from "react/jsx-dev-runtime";[39m
[2m12:30:00 pm[22m [31m[1m[vite][22m[39m [31mInternal server error: Failed to resolve import "framer-motion" from "src/components/landing/Navbar.jsx". Does the file exist?[39m
  Plugin: [35mvite:import-analysis[39m
  File: [36mD:/AI Documentation/frontend/src/components/landing/Navbar.jsx[39m:2:40
[33m  1  |  import { useState, useEffect } from "react";
  2  |  import { motion, AnimatePresence } from "framer-motion";
     |                                           ^
  3  |  var _jsxFileName = "D:/AI Documentation/frontend/src/components/landing/Navbar.jsx";
  4  |  import { jsxDEV as _jsxDEV } from "react/jsx-dev-runtime";[39m
      at TransformPluginContext._formatLog (file:///D:/AI%20Documentation/frontend/node_modules/vite/dist/node/chunks/node.js:30602:39)
      at TransformPluginContext.error (file:///D:/AI%20Documentation/frontend/node_modules/vite/dist/node/chunks/node.js:30599:14)
      at normalizeUrl (file:///D:/AI%20Documentation/frontend/node_modules/vite/dist/node/chunks/node.js:27842:18)
      at async file:///D:/AI%20Documentation/frontend/node_modules/vite/dist/node/chunks/node.js:27905:30
      at async Promise.all (index 1)
      at async TransformPluginContext.transform (file:///D:/AI%20Documentation/frontend/node_modules/vite/dist/node/chunks/node.js:27873:4)
      at async EnvironmentPluginContainer.transform (file:///D:/AI%20Documentation/frontend/node_modules/vite/dist/node/chunks/node.js:30387:14)
      at async loadAndTransform (file:///D:/AI%20Documentation/frontend/node_modules/vite/dist/node/chunks/node.js:24646:26)
[2m12:30:00 pm[22m [31m[1m[vite][22m[39m [31m[2m(client)[22m[39m Pre-transform error: Failed to resolve import "framer-motion" from "src/components/landing/Testimonials.jsx". Does the file exist?
  Plugin: [35mvite:import-analysis[39m
  File: [36mD:/AI Documentation/frontend/src/components/landing/Testimonials.jsx[39m:2:40
[33m  1  |  import { useState, useEffect, useCallback } from "react";
  2  |  import { motion, AnimatePresence } from "framer-motion";
     |                                           ^
  3  |  import { useReveal } from "../../hooks/useReveal";
  4  |  var _jsxFileName = "D:/AI Documentation/frontend/src/components/landing/Testimonials.jsx";[39m
[2m12:30:00 pm[22m [31m[1m[vite][22m[39m [31mInternal server error: Failed to resolve import "framer-motion" from "src/components/landing/Testimonials.jsx". Does the file exist?[39m
  Plugin: [35mvite:import-analysis[39m
  File: [36mD:/AI Documentation/frontend/src/components/landing/Testimonials.jsx[39m:2:40
[33m  1  |  import { useState, useEffect, useCallback } from "react";
  2  |  import { motion, AnimatePresence } from "framer-motion";
     |                                           ^
  3  |  import { useReveal } from "../../hooks/useReveal";
  4  |  var _jsxFileName = "D:/AI Documentation/frontend/src/components/landing/Testimonials.jsx";[39m
      at TransformPluginContext._formatLog (file:///D:/AI%20Documentation/frontend/node_modules/vite/dist/node/chunks/node.js:30602:39)
      at TransformPluginContext.error (file:///D:/AI%20Documentation/frontend/node_modules/vite/dist/node/chunks/node.js:30599:14)
      at normalizeUrl (file:///D:/AI%20Documentation/frontend/node_modules/vite/dist/node/chunks/node.js:27842:18)
      at async file:///D:/AI%20Documentation/frontend/node_modules/vite/dist/node/chunks/node.js:27905:30
      at async Promise.all (index 1)
      at async TransformPluginContext.transform (file:///D:/AI%20Documentation/frontend/node_modules/vite/dist/node/chunks/node.js:27873:4)
      at async EnvironmentPluginContainer.transform (file:///D:/AI%20Documentation/frontend/node_modules/vite/dist/node/chunks/node.js:30387:14)
      at async loadAndTransform (file:///D:/AI%20Documentation/frontend/node_modules/vite/dist/node/chunks/node.js:24646:26)
[2m12:30:00 pm[22m [31m[1m[vite][22m[39m [31m[2m(client)[22m[39m Pre-transform error: Failed to resolve import "framer-motion" from "src/components/landing/CTA.jsx". Does the file exist?
  Plugin: [35mvite:import-analysis[39m
  File: [36mD:/AI Documentation/frontend/src/components/landing/CTA.jsx[39m:1:58
[33m  1  |  import { motion, useMotionTemplate, useMotionValue } from "framer-motion";
     |                                                             ^
  2  |  import { FaArrowRight, FaCheckCircle } from "react-icons/fa";
  3  |  import { useRevealChildren } from "../../hooks/useReveal";[39m
[2m12:30:00 pm[22m [31m[1m[vite][22m[39m [31mInternal server error: Failed to resolve import "framer-motion" from "src/components/landing/CTA.jsx". Does the file exist?[39m
  Plugin: [35mvite:import-analysis[39m
  File: [36mD:/AI Documentation/frontend/src/components/landing/CTA.jsx[39m:1:58
[33m  1  |  import { motion, useMotionTemplate, useMotionValue } from "framer-motion";
     |                                                             ^
  2  |  import { FaArrowRight, FaCheckCircle } from "react-icons/fa";
  3  |  import { useRevealChildren } from "../../hooks/useReveal";[39m
      at TransformPluginContext._formatLog (file:///D:/AI%20Documentation/frontend/node_modules/vite/dist/node/chunks/node.js:30602:39)
      at TransformPluginContext.error (file:///D:/AI%20Documentation/frontend/node_modules/vite/dist/node/chunks/node.js:30599:14)
      at normalizeUrl (file:///D:/AI%20Documentation/frontend/node_modules/vite/dist/node/chunks/node.js:27842:18)
      at async file:///D:/AI%20Documentation/frontend/node_modules/vite/dist/node/chunks/node.js:27905:30
      at async Promise.all (index 0)
      at async TransformPluginContext.transform (file:///D:/AI%20Documentation/frontend/node_modules/vite/dist/node/chunks/node.js:27873:4)
      at async EnvironmentPluginContainer.transform (file:///D:/AI%20Documentation/frontend/node_modules/vite/dist/node/chunks/node.js:30387:14)
      at async loadAndTransform (file:///D:/AI%20Documentation/frontend/node_modules/vite/dist/node/chunks/node.js:24646:26)
[2m12:30:09 pm[22m [31m[1m[vite][22m[39m [31m[2m(client)[22m[39m Pre-transform error: Failed to resolve import "framer-motion" from "src/components/landing/Testimonials.jsx". Does the file exist?
  Plugin: [35mvite:import-analysis[39m
  File: [36mD:/AI Documentation/frontend/src/components/landing/Testimonials.jsx[39m:2:40
[33m  1  |  import { useState, useEffect, useCallback } from "react";
  2  |  import { motion, AnimatePresence } from "framer-motion";
     |                                           ^
  3  |  import { useReveal } from "../../hooks/useReveal";
  4  |  var _jsxFileName = "D:/AI Documentation/frontend/src/components/landing/Testimonials.jsx";[39m
[2m12:30:09 pm[22m [31m[1m[vite][22m[39m [31m[2m(client)[22m[39m Pre-transform error: Failed to resolve import "framer-motion" from "src/components/landing/Testimonials.jsx". Does the file exist?
  Plugin: [35mvite:import-analysis[39m
  File: [36mD:/AI Documentation/frontend/src/components/landing/Testimonials.jsx[39m:2:40
[33m  1  |  import { useState, useEffect, useCallback } from "react";
  2  |  import { motion, AnimatePresence } from "framer-motion";
     |                                           ^
  3  |  import { useReveal } from "../../hooks/useReveal";
  4  |  var _jsxFileName = "D:/AI Documentation/frontend/src/components/landing/Testimonials.jsx";[39m
[2m12:30:09 pm[22m [31m[1m[vite][22m[39m [31m[2m(client)[22m[39m Pre-transform error: Failed to resolve import "framer-motion" from "src/components/landing/Navbar.jsx". Does the file exist?
  Plugin: [35mvite:import-analysis[39m
  File: [36mD:/AI Documentation/frontend/src/components/landing/Navbar.jsx[39m:2:40
[33m  1  |  import { useState, useEffect } from "react";
  2  |  import { motion, AnimatePresence } from "framer-motion";
     |                                           ^
  3  |  var _jsxFileName = "D:/AI Documentation/frontend/src/components/landing/Navbar.jsx";
  4  |  import { jsxDEV as _jsxDEV } from "react/jsx-dev-runtime";[39m
[2m12:30:09 pm[22m [31m[1m[vite][22m[39m [31m[2m(client)[22m[39m Pre-transform error: Failed to resolve import "framer-motion" from "src/components/landing/Navbar.jsx". Does the file exist?
  Plugin: [35mvite:import-analysis[39m
  File: [36mD:/AI Documentation/frontend/src/components/landing/Navbar.jsx[39m:2:40
[33m  1  |  import { useState, useEffect } from "react";
  2  |  import { motion, AnimatePresence } from "framer-motion";
     |                                           ^
  3  |  var _jsxFileName = "D:/AI Documentation/frontend/src/components/landing/Navbar.jsx";
  4  |  import { jsxDEV as _jsxDEV } from "react/jsx-dev-runtime";[39m
[2m12:30:09 pm[22m [31m[1m[vite][22m[39m [31m[2m(client)[22m[39m Pre-transform error: Failed to resolve import "framer-motion" from "src/components/landing/CTA.jsx". Does the file exist?
  Plugin: [35mvite:import-analysis[39m
  File: [36mD:/AI Documentation/frontend/src/components/landing/CTA.jsx[39m:1:58
[33m  1  |  import { motion, useMotionTemplate, useMotionValue } from "framer-motion";
     |                                                             ^
  2  |  import { FaArrowRight, FaCheckCircle } from "react-icons/fa";
  3  |  import { useRevealChildren } from "../../hooks/useReveal";[39m
[2m12:30:09 pm[22m [31m[1m[vite][22m[39m [31m[2m(client)[22m[39m Pre-transform error: Failed to resolve import "framer-motion" from "src/components/landing/CTA.jsx". Does the file exist?
  Plugin: [35mvite:import-analysis[39m
  File: [36mD:/AI Documentation/frontend/src/components/landing/CTA.jsx[39m:1:58
[33m  1  |  import { motion, useMotionTemplate, useMotionValue } from "framer-motion";
     |                                                             ^
  2  |  import { FaArrowRight, FaCheckCircle } from "react-icons/fa";
  3  |  import { useRevealChildren } from "../../hooks/useReveal";[39m
[2m12:30:09 pm[22m [31m[1m[vite][22m[39m [31m[2m(client)[22m[39m Pre-transform error: Failed to resolve import "framer-motion" from "src/components/landing/Navbar.jsx". Does the file exist?
  Plugin: [35mvite:import-analysis[39m
  File: [36mD:/AI Documentation/frontend/src/components/landing/Navbar.jsx[39m:2:40
[33m  1  |  import { useState, useEffect } from "react";
  2  |  import { motion, AnimatePresence } from "framer-motion";
     |                                           ^
  3  |  var _jsxFileName = "D:/AI Documentation/frontend/src/components/landing/Navbar.jsx";
  4  |  import { jsxDEV as _jsxDEV } from "react/jsx-dev-runtime";[39m
[2m12:30:09 pm[22m [31m[1m[vite][22m[39m [31mInternal server error: Failed to resolve import "framer-motion" from "src/components/landing/Navbar.jsx". Does the file exist?[39m
  Plugin: [35mvite:import-analysis[39m
  File: [36mD:/AI Documentation/frontend/src/components/landing/Navbar.jsx[39m:2:40
[33m  1  |  import { useState, useEffect } from "react";
  2  |  import { motion, AnimatePresence } from "framer-motion";
     |                                           ^
  3  |  var _jsxFileName = "D:/AI Documentation/frontend/src/components/landing/Navbar.jsx";
  4  |  import { jsxDEV as _jsxDEV } from "react/jsx-dev-runtime";[39m
      at TransformPluginContext._formatLog (file:///D:/AI%20Documentation/frontend/node_modules/vite/dist/node/chunks/node.js:30602:39)
      at TransformPluginContext.error (file:///D:/AI%20Documentation/frontend/node_modules/vite/dist/node/chunks/node.js:30599:14)
      at normalizeUrl (file:///D:/AI%20Documentation/frontend/node_modules/vite/dist/node/chunks/node.js:27842:18)
      at async file:///D:/AI%20Documentation/frontend/node_modules/vite/dist/node/chunks/node.js:27905:30
      at async Promise.all (index 1)
      at async TransformPluginContext.transform (file:///D:/AI%20Documentation/frontend/node_modules/vite/dist/node/chunks/node.js:27873:4)
      at async EnvironmentPluginContainer.transform (file:///D:/AI%20Documentation/frontend/node_modules/vite/dist/node/chunks/node.js:30387:14)
      at async loadAndTransform (file:///D:/AI%20Documentation/frontend/node_modules/vite/dist/node/chunks/node.js:24646:26)
[2m12:30:09 pm[22m [31m[1m[vite][22m[39m [31m[2m(client)[22m[39m Pre-transform error: Failed to resolve import "framer-motion" from "src/components/landing/Testimonials.jsx". Does the file exist?
  Plugin: [35mvite:import-analysis[39m
  File: [36mD:/AI Documentation/frontend/src/components/landing/Testimonials.jsx[39m:2:40
[33m  1  |  import { useState, useEffect, useCallback } from "react";
  2  |  import { motion, AnimatePresence } from "framer-motion";
     |                                           ^
  3  |  import { useReveal } from "../../hooks/useReveal";
  4  |  var _jsxFileName = "D:/AI Documentation/frontend/src/components/landing/Testimonials.jsx";[39m
[2m12:30:09 pm[22m [31m[1m[vite][22m[39m [31mInternal server error: Failed to resolve import "framer-motion" from "src/components/landing/Testimonials.jsx". Does the file exist?[39m
  Plugin: [35mvite:import-analysis[39m
  File: [36mD:/AI Documentation/frontend/src/components/landing/Testimonials.jsx[39m:2:40
[33m  1  |  import { useState, useEffect, useCallback } from "react";
  2  |  import { motion, AnimatePresence } from "framer-motion";
     |                                           ^
  3  |  import { useReveal } from "../../hooks/useReveal";
  4  |  var _jsxFileName = "D:/AI Documentation/frontend/src/components/landing/Testimonials.jsx";[39m
      at TransformPluginContext._formatLog (file:///D:/AI%20Documentation/frontend/node_modules/vite/dist/node/chunks/node.js:30602:39)
      at TransformPluginContext.error (file:///D:/AI%20Documentation/frontend/node_modules/vite/dist/node/chunks/node.js:30599:14)
      at normalizeUrl (file:///D:/AI%20Documentation/frontend/node_modules/vite/dist/node/chunks/node.js:27842:18)
      at async file:///D:/AI%20Documentation/frontend/node_modules/vite/dist/node/chunks/node.js:27905:30
      at async Promise.all (index 1)
      at async TransformPluginContext.transform (file:///D:/AI%20Documentation/frontend/node_modules/vite/dist/node/chunks/node.js:27873:4)
      at async EnvironmentPluginContainer.transform (file:///D:/AI%20Documentation/frontend/node_modules/vite/dist/node/chunks/node.js:30387:14)
      at async loadAndTransform (file:///D:/AI%20Documentation/frontend/node_modules/vite/dist/node/chunks/node.js:24646:26)
[2m12:30:09 pm[22m [31m[1m[vite][22m[39m [31m[2m(client)[22m[39m Pre-transform error: Failed to resolve import "framer-motion" from "src/components/landing/CTA.jsx". Does the file exist?
  Plugin: [35mvite:import-analysis[39m
  File: [36mD:/AI Documentation/frontend/src/components/landing/CTA.jsx[39m:1:58
[33m  1  |  import { motion, useMotionTemplate, useMotionValue } from "framer-motion";
     |                                                             ^
  2  |  import { FaArrowRight, FaCheckCircle } from "react-icons/fa";
  3  |  import { useRevealChildren } from "../../hooks/useReveal";[39m
[2m12:30:09 pm[22m [31m[1m[vite][22m[39m [31mInternal server error: Failed to resolve import "framer-motion" from "src/components/landing/CTA.jsx". Does the file exist?[39m
  Plugin: [35mvite:import-analysis[39m
  File: [36mD:/AI Documentation/frontend/src/components/landing/CTA.jsx[39m:1:58
[33m  1  |  import { motion, useMotionTemplate, useMotionValue } from "framer-motion";
     |                                                             ^
  2  |  import { FaArrowRight, FaCheckCircle } from "react-icons/fa";
  3  |  import { useRevealChildren } from "../../hooks/useReveal";[39m
      at TransformPluginContext._formatLog (file:///D:/AI%20Documentation/frontend/node_modules/vite/dist/node/chunks/node.js:30602:39)
      at TransformPluginContext.error (file:///D:/AI%20Documentation/frontend/node_modules/vite/dist/node/chunks/node.js:30599:14)
      at normalizeUrl (file:///D:/AI%20Documentation/frontend/node_modules/vite/dist/node/chunks/node.js:27842:18)
      at async file:///D:/AI%20Documentation/frontend/node_modules/vite/dist/node/chunks/node.js:27905:30
      at async Promise.all (index 0)
      at async TransformPluginContext.transform (file:///D:/AI%20Documentation/frontend/node_modules/vite/dist/node/chunks/node.js:27873:4)
      at async EnvironmentPluginContainer.transform (file:///D:/AI%20Documentation/frontend/node_modules/vite/dist/node/chunks/node.js:30387:14)
      at async loadAndTransform (file:///D:/AI%20Documentation/frontend/node_modules/vite/dist/node/chunks/node.js:24646:26)
[2m12:30:09 pm[22m [31m[1m[vite][22m[39m [31m[2m(client)[22m[39m Pre-transform error: Failed to resolve import "framer-motion" from "src/components/landing/Navbar.jsx". Does the file exist?
  Plugin: [35mvite:import-analysis[39m
  File: [36mD:/AI Documentation/frontend/src/components/landing/Navbar.jsx[39m:2:40
[33m  1  |  import { useState, useEffect } from "react";
  2  |  import { motion, AnimatePresence } from "framer-motion";
     |                                           ^
  3  |  var _jsxFileName = "D:/AI Documentation/frontend/src/components/landing/Navbar.jsx";
  4  |  import { jsxDEV as _jsxDEV } from "react/jsx-dev-runtime";[39m
[2m12:30:09 pm[22m [31m[1m[vite][22m[39m [31mInternal server error: Failed to resolve import "framer-motion" from "src/components/landing/Navbar.jsx". Does the file exist?[39m
  Plugin: [35mvite:import-analysis[39m
  File: [36mD:/AI Documentation/frontend/src/components/landing/Navbar.jsx[39m:2:40
[33m  1  |  import { useState, useEffect } from "react";
  2  |  import { motion, AnimatePresence } from "framer-motion";
     |                                           ^
  3  |  var _jsxFileName = "D:/AI Documentation/frontend/src/components/landing/Navbar.jsx";
  4  |  import { jsxDEV as _jsxDEV } from "react/jsx-dev-runtime";[39m
      at TransformPluginContext._formatLog (file:///D:/AI%20Documentation/frontend/node_modules/vite/dist/node/chunks/node.js:30602:39)
      at TransformPluginContext.error (file:///D:/AI%20Documentation/frontend/node_modules/vite/dist/node/chunks/node.js:30599:14)
      at normalizeUrl (file:///D:/AI%20Documentation/frontend/node_modules/vite/dist/node/chunks/node.js:27842:18)
      at async file:///D:/AI%20Documentation/frontend/node_modules/vite/dist/node/chunks/node.js:27905:30
      at async Promise.all (index 1)
      at async TransformPluginContext.transform (file:///D:/AI%20Documentation/frontend/node_modules/vite/dist/node/chunks/node.js:27873:4)
      at async EnvironmentPluginContainer.transform (file:///D:/AI%20Documentation/frontend/node_modules/vite/dist/node/chunks/node.js:30387:14)
      at async loadAndTransform (file:///D:/AI%20Documentation/frontend/node_modules/vite/dist/node/chunks/node.js:24646:26)
[2m12:30:09 pm[22m [31m[1m[vite][22m[39m [31m[2m(client)[22m[39m Pre-transform error: Failed to resolve import "framer-motion" from "src/components/landing/Testimonials.jsx". Does the file exist?
  Plugin: [35mvite:import-analysis[39m
  File: [36mD:/AI Documentation/frontend/src/components/landing/Testimonials.jsx[39m:2:40
[33m  1  |  import { useState, useEffect, useCallback } from "react";
  2  |  import { motion, AnimatePresence } from "framer-motion";
     |                                           ^
  3  |  import { useReveal } from "../../hooks/useReveal";
  4  |  var _jsxFileName = "D:/AI Documentation/frontend/src/components/landing/Testimonials.jsx";[39m
[2m12:30:09 pm[22m [31m[1m[vite][22m[39m [31mInternal server error: Failed to resolve import "framer-motion" from "src/components/landing/Testimonials.jsx". Does the file exist?[39m
  Plugin: [35mvite:import-analysis[39m
  File: [36mD:/AI Documentation/frontend/src/components/landing/Testimonials.jsx[39m:2:40
[33m  1  |  import { useState, useEffect, useCallback } from "react";
  2  |  import { motion, AnimatePresence } from "framer-motion";
     |                                           ^
  3  |  import { useReveal } from "../../hooks/useReveal";
  4  |  var _jsxFileName = "D:/AI Documentation/frontend/src/components/landing/Testimonials.jsx";[39m
      at TransformPluginContext._formatLog (file:///D:/AI%20Documentation/frontend/node_modules/vite/dist/node/chunks/node.js:30602:39)
      at TransformPluginContext.error (file:///D:/AI%20Documentation/frontend/node_modules/vite/dist/node/chunks/node.js:30599:14)
      at normalizeUrl (file:///D:/AI%20Documentation/frontend/node_modules/vite/dist/node/chunks/node.js:27842:18)
      at async file:///D:/AI%20Documentation/frontend/node_modules/vite/dist/node/chunks/node.js:27905:30
      at async Promise.all (index 1)
      at async TransformPluginContext.transform (file:///D:/AI%20Documentation/frontend/node_modules/vite/dist/node/chunks/node.js:27873:4)
      at async EnvironmentPluginContainer.transform (file:///D:/AI%20Documentation/frontend/node_modules/vite/dist/node/chunks/node.js:30387:14)
      at async loadAndTransform (file:///D:/AI%20Documentation/frontend/node_modules/vite/dist/node/chunks/node.js:24646:26)
[2m12:30:09 pm[22m [31m[1m[vite][22m[39m [31m[2m(client)[22m[39m Pre-transform error: Failed to resolve import "framer-motion" from "src/components/landing/CTA.jsx". Does the file exist?
  Plugin: [35mvite:import-analysis[39m
  File: [36mD:/AI Documentation/frontend/src/components/landing/CTA.jsx[39m:1:58
[33m  1  |  import { motion, useMotionTemplate, useMotionValue } from "framer-motion";
     |                                                             ^
  2  |  import { FaArrowRight, FaCheckCircle } from "react-icons/fa";
  3  |  import { useRevealChildren } from "../../hooks/useReveal";[39m
[2m12:30:09 pm[22m [31m[1m[vite][22m[39m [31mInternal server error: Failed to resolve import "framer-motion" from "src/components/landing/CTA.jsx". Does the file exist?[39m
  Plugin: [35mvite:import-analysis[39m
  File: [36mD:/AI Documentation/frontend/src/components/landing/CTA.jsx[39m:1:58
[33m  1  |  import { motion, useMotionTemplate, useMotionValue } from "framer-motion";
     |                                                             ^
  2  |  import { FaArrowRight, FaCheckCircle } from "react-icons/fa";
  3  |  import { useRevealChildren } from "../../hooks/useReveal";[39m
      at TransformPluginContext._formatLog (file:///D:/AI%20Documentation/frontend/node_modules/vite/dist/node/chunks/node.js:30602:39)
      at TransformPluginContext.error (file:///D:/AI%20Documentation/frontend/node_modules/vite/dist/node/chunks/node.js:30599:14)
      at normalizeUrl (file:///D:/AI%20Documentation/frontend/node_modules/vite/dist/node/chunks/node.js:27842:18)
      at async file:///D:/AI%20Documentation/frontend/node_modules/vite/dist/node/chunks/node.js:27905:30
      at async Promise.all (index 0)
      at async TransformPluginContext.transform (file:///D:/AI%20Documentation/frontend/node_modules/vite/dist/node/chunks/node.js:27873:4)
      at async EnvironmentPluginContainer.transform (file:///D:/AI%20Documentation/frontend/node_modules/vite/dist/node/chunks/node.js:30387:14)
      at async loadAndTransform (file:///D:/AI%20Documentation/frontend/node_modules/vite/dist/node/chunks/node.js:24646:26)
[2m12:30:10 pm[22m [31m[1m[vite][22m[39m [31m[2m(client)[22m[39m Pre-transform error: Failed to resolve import "framer-motion" from "src/components/landing/Navbar.jsx". Does the file exist?
  Plugin: [35mvite:import-analysis[39m
  File: [36mD:/AI Documentation/frontend/src/components/landing/Navbar.jsx[39m:2:40
[33m  1  |  import { useState, useEffect } from "react";
  2  |  import { motion, AnimatePresence } from "framer-motion";
     |                                           ^
  3  |  var _jsxFileName = "D:/AI Documentation/frontend/src/components/landing/Navbar.jsx";
  4  |  import { jsxDEV as _jsxDEV } from "react/jsx-dev-runtime";[39m
[2m12:30:10 pm[22m [31m[1m[vite][22m[39m [31mInternal server error: Failed to resolve import "framer-motion" from "src/components/landing/Navbar.jsx". Does the file exist?[39m
  Plugin: [35mvite:import-analysis[39m
  File: [36mD:/AI Documentation/frontend/src/components/landing/Navbar.jsx[39m:2:40
[33m  1  |  import { useState, useEffect } from "react";
  2  |  import { motion, AnimatePresence } from "framer-motion";
     |                                           ^
  3  |  var _jsxFileName = "D:/AI Documentation/frontend/src/components/landing/Navbar.jsx";
  4  |  import { jsxDEV as _jsxDEV } from "react/jsx-dev-runtime";[39m
      at TransformPluginContext._formatLog (file:///D:/AI%20Documentation/frontend/node_modules/vite/dist/node/chunks/node.js:30602:39)
      at TransformPluginContext.error (file:///D:/AI%20Documentation/frontend/node_modules/vite/dist/node/chunks/node.js:30599:14)
      at normalizeUrl (file:///D:/AI%20Documentation/frontend/node_modules/vite/dist/node/chunks/node.js:27842:18)
      at async file:///D:/AI%20Documentation/frontend/node_modules/vite/dist/node/chunks/node.js:27905:30
      at async Promise.all (index 1)
      at async TransformPluginContext.transform (file:///D:/AI%20Documentation/frontend/node_modules/vite/dist/node/chunks/node.js:27873:4)
      at async EnvironmentPluginContainer.transform (file:///D:/AI%20Documentation/frontend/node_modules/vite/dist/node/chunks/node.js:30387:14)
      at async loadAndTransform (file:///D:/AI%20Documentation/frontend/node_modules/vite/dist/node/chunks/node.js:24646:26)
[2m12:30:10 pm[22m [31m[1m[vite][22m[39m [31m[2m(client)[22m[39m Pre-transform error: Failed to resolve import "framer-motion" from "src/components/landing/CTA.jsx". Does the file exist?
  Plugin: [35mvite:import-analysis[39m
  File: [36mD:/AI Documentation/frontend/src/components/landing/CTA.jsx[39m:1:58
[33m  1  |  import { motion, useMotionTemplate, useMotionValue } from "framer-motion";
     |                                                             ^
  2  |  import { FaArrowRight, FaCheckCircle } from "react-icons/fa";
  3  |  import { useRevealChildren } from "../../hooks/useReveal";[39m
[2m12:30:10 pm[22m [31m[1m[vite][22m[39m [31mInternal server error: Failed to resolve import "framer-motion" from "src/components/landing/CTA.jsx". Does the file exist?[39m
  Plugin: [35mvite:import-analysis[39m
  File: [36mD:/AI Documentation/frontend/src/components/landing/CTA.jsx[39m:1:58
[33m  1  |  import { motion, useMotionTemplate, useMotionValue } from "framer-motion";
     |                                                             ^
  2  |  import { FaArrowRight, FaCheckCircle } from "react-icons/fa";
  3  |  import { useRevealChildren } from "../../hooks/useReveal";[39m
      at TransformPluginContext._formatLog (file:///D:/AI%20Documentation/frontend/node_modules/vite/dist/node/chunks/node.js:30602:39)
      at TransformPluginContext.error (file:///D:/AI%20Documentation/frontend/node_modules/vite/dist/node/chunks/node.js:30599:14)
      at normalizeUrl (file:///D:/AI%20Documentation/frontend/node_modules/vite/dist/node/chunks/node.js:27842:18)
      at async file:///D:/AI%20Documentation/frontend/node_modules/vite/dist/node/chunks/node.js:27905:30
      at async Promise.all (index 0)
      at async TransformPluginContext.transform (file:///D:/AI%20Documentation/frontend/node_modules/vite/dist/node/chunks/node.js:27873:4)
      at async EnvironmentPluginContainer.transform (file:///D:/AI%20Documentation/frontend/node_modules/vite/dist/node/chunks/node.js:30387:14)
      at async loadAndTransform (file:///D:/AI%20Documentation/frontend/node_modules/vite/dist/node/chunks/node.js:24646:26)
[2m12:30:10 pm[22m [31m[1m[vite][22m[39m [31m[2m(client)[22m[39m Pre-transform error: Failed to resolve import "framer-motion" from "src/components/landing/Testimonials.jsx". Does the file exist?
  Plugin: [35mvite:import-analysis[39m
  File: [36mD:/AI Documentation/frontend/src/components/landing/Testimonials.jsx[39m:2:40
[33m  1  |  import { useState, useEffect, useCallback } from "react";
  2  |  import { motion, AnimatePresence } from "framer-motion";
     |                                           ^
  3  |  import { useReveal } from "../../hooks/useReveal";
  4  |  var _jsxFileName = "D:/AI Documentation/frontend/src/components/landing/Testimonials.jsx";[39m
[2m12:30:10 pm[22m [31m[1m[vite][22m[39m [31mInternal server error: Failed to resolve import "framer-motion" from "src/components/landing/Testimonials.jsx". Does the file exist?[39m
  Plugin: [35mvite:import-analysis[39m
  File: [36mD:/AI Documentation/frontend/src/components/landing/Testimonials.jsx[39m:2:40
[33m  1  |  import { useState, useEffect, useCallback } from "react";
  2  |  import { motion, AnimatePresence } from "framer-motion";
     |                                           ^
  3  |  import { useReveal } from "../../hooks/useReveal";
  4  |  var _jsxFileName = "D:/AI Documentation/frontend/src/components/landing/Testimonials.jsx";[39m
      at TransformPluginContext._formatLog (file:///D:/AI%20Documentation/frontend/node_modules/vite/dist/node/chunks/node.js:30602:39)
      at TransformPluginContext.error (file:///D:/AI%20Documentation/frontend/node_modules/vite/dist/node/chunks/node.js:30599:14)
      at normalizeUrl (file:///D:/AI%20Documentation/frontend/node_modules/vite/dist/node/chunks/node.js:27842:18)
      at async file:///D:/AI%20Documentation/frontend/node_modules/vite/dist/node/chunks/node.js:27905:30
      at async Promise.all (index 1)
      at async TransformPluginContext.transform (file:///D:/AI%20Documentation/frontend/node_modules/vite/dist/node/chunks/node.js:27873:4)
      at async EnvironmentPluginContainer.transform (file:///D:/AI%20Documentation/frontend/node_modules/vite/dist/node/chunks/node.js:30387:14)
      at async loadAndTransform (file:///D:/AI%20Documentation/frontend/node_modules/vite/dist/node/chunks/node.js:24646:26)
[2m12:30:10 pm[22m [31m[1m[vite][22m[39m [31m[2m(client)[22m[39m Pre-transform error: Failed to resolve import "framer-motion" from "src/components/landing/Navbar.jsx". Does the file exist?
  Plugin: [35mvite:import-analysis[39m
  File: [36mD:/AI Documentation/frontend/src/components/landing/Navbar.jsx[39m:2:40
[33m  1  |  import { useState, useEffect } from "react";
  2  |  import { motion, AnimatePresence } from "framer-motion";
     |                                           ^
  3  |  var _jsxFileName = "D:/AI Documentation/frontend/src/components/landing/Navbar.jsx";
  4  |  import { jsxDEV as _jsxDEV } from "react/jsx-dev-runtime";[39m
[2m12:30:10 pm[22m [31m[1m[vite][22m[39m [31mInternal server error: Failed to resolve import "framer-motion" from "src/components/landing/Navbar.jsx". Does the file exist?[39m
  Plugin: [35mvite:import-analysis[39m
  File: [36mD:/AI Documentation/frontend/src/components/landing/Navbar.jsx[39m:2:40
[33m  1  |  import { useState, useEffect } from "react";
  2  |  import { motion, AnimatePresence } from "framer-motion";
     |                                           ^
  3  |  var _jsxFileName = "D:/AI Documentation/frontend/src/components/landing/Navbar.jsx";
  4  |  import { jsxDEV as _jsxDEV } from "react/jsx-dev-runtime";[39m
      at TransformPluginContext._formatLog (file:///D:/AI%20Documentation/frontend/node_modules/vite/dist/node/chunks/node.js:30602:39)
      at TransformPluginContext.error (file:///D:/AI%20Documentation/frontend/node_modules/vite/dist/node/chunks/node.js:30599:14)
      at normalizeUrl (file:///D:/AI%20Documentation/frontend/node_modules/vite/dist/node/chunks/node.js:27842:18)
      at async file:///D:/AI%20Documentation/frontend/node_modules/vite/dist/node/chunks/node.js:27905:30
      at async Promise.all (index 1)
      at async TransformPluginContext.transform (file:///D:/AI%20Documentation/frontend/node_modules/vite/dist/node/chunks/node.js:27873:4)
      at async EnvironmentPluginContainer.transform (file:///D:/AI%20Documentation/frontend/node_modules/vite/dist/node/chunks/node.js:30387:14)
      at async loadAndTransform (file:///D:/AI%20Documentation/frontend/node_modules/vite/dist/node/chunks/node.js:24646:26)
[2m12:30:10 pm[22m [31m[1m[vite][22m[39m [31m[2m(client)[22m[39m Pre-transform error: Failed to resolve import "framer-motion" from "src/components/landing/Testimonials.jsx". Does the file exist?
  Plugin: [35mvite:import-analysis[39m
  File: [36mD:/AI Documentation/frontend/src/components/landing/Testimonials.jsx[39m:2:40
[33m  1  |  import { useState, useEffect, useCallback } from "react";
  2  |  import { motion, AnimatePresence } from "framer-motion";
     |                                           ^
  3  |  import { useReveal } from "../../hooks/useReveal";
  4  |  var _jsxFileName = "D:/AI Documentation/frontend/src/components/landing/Testimonials.jsx";[39m
[2m12:30:10 pm[22m [31m[1m[vite][22m[39m [31mInternal server error: Failed to resolve import "framer-motion" from "src/components/landing/Testimonials.jsx". Does the file exist?[39m
  Plugin: [35mvite:import-analysis[39m
  File: [36mD:/AI Documentation/frontend/src/components/landing/Testimonials.jsx[39m:2:40
[33m  1  |  import { useState, useEffect, useCallback } from "react";
  2  |  import { motion, AnimatePresence } from "framer-motion";
     |                                           ^
  3  |  import { useReveal } from "../../hooks/useReveal";
  4  |  var _jsxFileName = "D:/AI Documentation/frontend/src/components/landing/Testimonials.jsx";[39m
      at TransformPluginContext._formatLog (file:///D:/AI%20Documentation/frontend/node_modules/vite/dist/node/chunks/node.js:30602:39)
      at TransformPluginContext.error (file:///D:/AI%20Documentation/frontend/node_modules/vite/dist/node/chunks/node.js:30599:14)
      at normalizeUrl (file:///D:/AI%20Documentation/frontend/node_modules/vite/dist/node/chunks/node.js:27842:18)
      at async file:///D:/AI%20Documentation/frontend/node_modules/vite/dist/node/chunks/node.js:27905:30
      at async Promise.all (index 1)
      at async TransformPluginContext.transform (file:///D:/AI%20Documentation/frontend/node_modules/vite/dist/node/chunks/node.js:27873:4)
      at async EnvironmentPluginContainer.transform (file:///D:/AI%20Documentation/frontend/node_modules/vite/dist/node/chunks/node.js:30387:14)
      at async loadAndTransform (file:///D:/AI%20Documentation/frontend/node_modules/vite/dist/node/chunks/node.js:24646:26)
[2m12:30:10 pm[22m [31m[1m[vite][22m[39m [31m[2m(client)[22m[39m Pre-transform error: Failed to resolve import "framer-motion" from "src/components/landing/CTA.jsx". Does the file exist?
  Plugin: [35mvite:import-analysis[39m
  File: [36mD:/AI Documentation/frontend/src/components/landing/CTA.jsx[39m:1:58
[33m  1  |  import { motion, useMotionTemplate, useMotionValue } from "framer-motion";
     |                                                             ^
  2  |  import { FaArrowRight, FaCheckCircle } from "react-icons/fa";
  3  |  import { useRevealChildren } from "../../hooks/useReveal";[39m
[2m12:30:10 pm[22m [31m[1m[vite][22m[39m [31mInternal server error: Failed to resolve import "framer-motion" from "src/components/landing/CTA.jsx". Does the file exist?[39m
  Plugin: [35mvite:import-analysis[39m
  File: [36mD:/AI Documentation/frontend/src/components/landing/CTA.jsx[39m:1:58
[33m  1  |  import { motion, useMotionTemplate, useMotionValue } from "framer-motion";
     |                                                             ^
  2  |  import { FaArrowRight, FaCheckCircle } from "react-icons/fa";
  3  |  import { useRevealChildren } from "../../hooks/useReveal";[39m
      at TransformPluginContext._formatLog (file:///D:/AI%20Documentation/frontend/node_modules/vite/dist/node/chunks/node.js:30602:39)
      at TransformPluginContext.error (file:///D:/AI%20Documentation/frontend/node_modules/vite/dist/node/chunks/node.js:30599:14)
      at normalizeUrl (file:///D:/AI%20Documentation/frontend/node_modules/vite/dist/node/chunks/node.js:27842:18)
      at async file:///D:/AI%20Documentation/frontend/node_modules/vite/dist/node/chunks/node.js:27905:30
      at async Promise.all (index 0)
      at async TransformPluginContext.transform (file:///D:/AI%20Documentation/frontend/node_modules/vite/dist/node/chunks/node.js:27873:4)
      at async EnvironmentPluginContainer.transform (file:///D:/AI%20Documentation/frontend/node_modules/vite/dist/node/chunks/node.js:30387:14)
      at async loadAndTransform (file:///D:/AI%20Documentation/frontend/node_modules/vite/dist/node/chunks/node.js:24646:26)
[2m12:30:15 pm[22m [31m[1m[vite][22m[39m [31mInternal server error: Failed to resolve import "framer-motion" from "src/components/landing/Navbar.jsx". Does the file exist?[39m
  Plugin: [35mvite:import-analysis[39m
  File: [36mD:/AI Documentation/frontend/src/components/landing/Navbar.jsx[39m:2:40
[33m  1  |  import { useState, useEffect } from "react";
  2  |  import { motion, AnimatePresence } from "framer-motion";
     |                                           ^
  3  |  var _jsxFileName = "D:/AI Documentation/frontend/src/components/landing/Navbar.jsx";
  4  |  import { jsxDEV as _jsxDEV } from "react/jsx-dev-runtime";[39m
      at TransformPluginContext._formatLog (file:///D:/AI%20Documentation/frontend/node_modules/vite/dist/node/chunks/node.js:30602:39)
      at TransformPluginContext.error (file:///D:/AI%20Documentation/frontend/node_modules/vite/dist/node/chunks/node.js:30599:14)
      at normalizeUrl (file:///D:/AI%20Documentation/frontend/node_modules/vite/dist/node/chunks/node.js:27842:18)
      at async file:///D:/AI%20Documentation/frontend/node_modules/vite/dist/node/chunks/node.js:27905:30
      at async Promise.all (index 1)
      at async TransformPluginContext.transform (file:///D:/AI%20Documentation/frontend/node_modules/vite/dist/node/chunks/node.js:27873:4)
      at async EnvironmentPluginContainer.transform (file:///D:/AI%20Documentation/frontend/node_modules/vite/dist/node/chunks/node.js:30387:14)
      at async loadAndTransform (file:///D:/AI%20Documentation/frontend/node_modules/vite/dist/node/chunks/node.js:24646:26)
      at async viteTransformMiddleware (file:///D:/AI%20Documentation/frontend/node_modules/vite/dist/node/chunks/node.js:24440:20)
[2m12:30:15 pm[22m [31m[1m[vite][22m[39m [31m[2m(client)[22m[39m Pre-transform error: Failed to resolve import "framer-motion" from "src/components/landing/Testimonials.jsx". Does the file exist?
  Plugin: [35mvite:import-analysis[39m
  File: [36mD:/AI Documentation/frontend/src/components/landing/Testimonials.jsx[39m:2:40
[33m  1  |  import { useState, useEffect, useCallback } from "react";
  2  |  import { motion, AnimatePresence } from "framer-motion";
     |                                           ^
  3  |  import { useReveal } from "../../hooks/useReveal";
  4  |  var _jsxFileName = "D:/AI Documentation/frontend/src/components/landing/Testimonials.jsx";[39m
[2m12:30:15 pm[22m [31m[1m[vite][22m[39m [31mInternal server error: Failed to resolve import "framer-motion" from "src/components/landing/Testimonials.jsx". Does the file exist?[39m
  Plugin: [35mvite:import-analysis[39m
  File: [36mD:/AI Documentation/frontend/src/components/landing/Testimonials.jsx[39m:2:40
[33m  1  |  import { useState, useEffect, useCallback } from "react";
  2  |  import { motion, AnimatePresence } from "framer-motion";
     |                                           ^
  3  |  import { useReveal } from "../../hooks/useReveal";
  4  |  var _jsxFileName = "D:/AI Documentation/frontend/src/components/landing/Testimonials.jsx";[39m
      at TransformPluginContext._formatLog (file:///D:/AI%20Documentation/frontend/node_modules/vite/dist/node/chunks/node.js:30602:39)
      at TransformPluginContext.error (file:///D:/AI%20Documentation/frontend/node_modules/vite/dist/node/chunks/node.js:30599:14)
      at normalizeUrl (file:///D:/AI%20Documentation/frontend/node_modules/vite/dist/node/chunks/node.js:27842:18)
      at async file:///D:/AI%20Documentation/frontend/node_modules/vite/dist/node/chunks/node.js:27905:30
      at async Promise.all (index 1)
      at async TransformPluginContext.transform (file:///D:/AI%20Documentation/frontend/node_modules/vite/dist/node/chunks/node.js:27873:4)
      at async EnvironmentPluginContainer.transform (file:///D:/AI%20Documentation/frontend/node_modules/vite/dist/node/chunks/node.js:30387:14)
      at async loadAndTransform (file:///D:/AI%20Documentation/frontend/node_modules/vite/dist/node/chunks/node.js:24646:26)
[2m12:30:15 pm[22m [31m[1m[vite][22m[39m [31m[2m(client)[22m[39m Pre-transform error: Failed to resolve import "framer-motion" from "src/components/landing/CTA.jsx". Does the file exist?
  Plugin: [35mvite:import-analysis[39m
  File: [36mD:/AI Documentation/frontend/src/components/landing/CTA.jsx[39m:1:58
[33m  1  |  import { motion, useMotionTemplate, useMotionValue } from "framer-motion";
     |                                                             ^
  2  |  import { FaArrowRight, FaCheckCircle } from "react-icons/fa";
  3  |  import { useRevealChildren } from "../../hooks/useReveal";[39m
[2m12:30:15 pm[22m [31m[1m[vite][22m[39m [31mInternal server error: Failed to resolve import "framer-motion" from "src/components/landing/CTA.jsx". Does the file exist?[39m
  Plugin: [35mvite:import-analysis[39m
  File: [36mD:/AI Documentation/frontend/src/components/landing/CTA.jsx[39m:1:58
[33m  1  |  import { motion, useMotionTemplate, useMotionValue } from "framer-motion";
     |                                                             ^
  2  |  import { FaArrowRight, FaCheckCircle } from "react-icons/fa";
  3  |  import { useRevealChildren } from "../../hooks/useReveal";[39m
      at TransformPluginContext._formatLog (file:///D:/AI%20Documentation/frontend/node_modules/vite/dist/node/chunks/node.js:30602:39)
      at TransformPluginContext.error (file:///D:/AI%20Documentation/frontend/node_modules/vite/dist/node/chunks/node.js:30599:14)
      at normalizeUrl (file:///D:/AI%20Documentation/frontend/node_modules/vite/dist/node/chunks/node.js:27842:18)
      at async file:///D:/AI%20Documentation/frontend/node_modules/vite/dist/node/chunks/node.js:27905:30
      at async Promise.all (index 0)
      at async TransformPluginContext.transform (file:///D:/AI%20Documentation/frontend/node_modules/vite/dist/node/chunks/node.js:27873:4)
      at async EnvironmentPluginContainer.transform (file:///D:/AI%20Documentation/frontend/node_modules/vite/dist/node/chunks/node.js:30387:14)
      at async loadAndTransform (file:///D:/AI%20Documentation/frontend/node_modules/vite/dist/node/chunks/node.js:24646:26)
[2m12:30:15 pm[22m [31m[1m[vite][22m[39m [31m[2m(client)[22m[39m Pre-transform error: Failed to resolve import "framer-motion" from "src/components/landing/Navbar.jsx". Does the file exist?
  Plugin: [35mvite:import-analysis[39m
  File: [36mD:/AI Documentation/frontend/src/components/landing/Navbar.jsx[39m:2:40
[33m  1  |  import { useState, useEffect } from "react";
  2  |  import { motion, AnimatePresence } from "framer-motion";
     |                                           ^
  3  |  var _jsxFileName = "D:/AI Documentation/frontend/src/components/landing/Navbar.jsx";
  4  |  import { jsxDEV as _jsxDEV } from "react/jsx-dev-runtime";[39m
[2m12:30:15 pm[22m [31m[1m[vite][22m[39m [31m[2m(client)[22m[39m Pre-transform error: Failed to resolve import "framer-motion" from "src/components/landing/Navbar.jsx". Does the file exist?
  Plugin: [35mvite:import-analysis[39m
  File: [36mD:/AI Documentation/frontend/src/components/landing/Navbar.jsx[39m:2:40
[33m  1  |  import { useState, useEffect } from "react";
  2  |  import { motion, AnimatePresence } from "framer-motion";
     |                                           ^
  3  |  var _jsxFileName = "D:/AI Documentation/frontend/src/components/landing/Navbar.jsx";
  4  |  import { jsxDEV as _jsxDEV } from "react/jsx-dev-runtime";[39m
[2m12:30:16 pm[22m [31m[1m[vite][22m[39m [31m[2m(client)[22m[39m Pre-transform error: Failed to resolve import "framer-motion" from "src/components/landing/Navbar.jsx". Does the file exist?
  Plugin: [35mvite:import-analysis[39m
  File: [36mD:/AI Documentation/frontend/src/components/landing/Navbar.jsx[39m:2:40
[33m  1  |  import { useState, useEffect } from "react";
  2  |  import { motion, AnimatePresence } from "framer-motion";
     |                                           ^
  3  |  var _jsxFileName = "D:/AI Documentation/frontend/src/components/landing/Navbar.jsx";
  4  |  import { jsxDEV as _jsxDEV } from "react/jsx-dev-runtime";[39m
[2m12:30:16 pm[22m [31m[1m[vite][22m[39m [31mInternal server error: Failed to resolve import "framer-motion" from "src/components/landing/Navbar.jsx". Does the file exist?[39m
  Plugin: [35mvite:import-analysis[39m
  File: [36mD:/AI Documentation/frontend/src/components/landing/Navbar.jsx[39m:2:40
[33m  1  |  import { useState, useEffect } from "react";
  2  |  import { motion, AnimatePresence } from "framer-motion";
     |                                           ^
  3  |  var _jsxFileName = "D:/AI Documentation/frontend/src/components/landing/Navbar.jsx";
  4  |  import { jsxDEV as _jsxDEV } from "react/jsx-dev-runtime";[39m
      at TransformPluginContext._formatLog (file:///D:/AI%20Documentation/frontend/node_modules/vite/dist/node/chunks/node.js:30602:39)
      at TransformPluginContext.error (file:///D:/AI%20Documentation/frontend/node_modules/vite/dist/node/chunks/node.js:30599:14)
      at normalizeUrl (file:///D:/AI%20Documentation/frontend/node_modules/vite/dist/node/chunks/node.js:27842:18)
      at async file:///D:/AI%20Documentation/frontend/node_modules/vite/dist/node/chunks/node.js:27905:30
      at async Promise.all (index 1)
      at async TransformPluginContext.transform (file:///D:/AI%20Documentation/frontend/node_modules/vite/dist/node/chunks/node.js:27873:4)
      at async EnvironmentPluginContainer.transform (file:///D:/AI%20Documentation/frontend/node_modules/vite/dist/node/chunks/node.js:30387:14)
      at async loadAndTransform (file:///D:/AI%20Documentation/frontend/node_modules/vite/dist/node/chunks/node.js:24646:26)
[2m12:30:16 pm[22m [31m[1m[vite][22m[39m [31m[2m(client)[22m[39m Pre-transform error: Failed to resolve import "framer-motion" from "src/components/landing/Testimonials.jsx". Does the file exist?
  Plugin: [35mvite:import-analysis[39m
  File: [36mD:/AI Documentation/frontend/src/components/landing/Testimonials.jsx[39m:2:40
[33m  1  |  import { useState, useEffect, useCallback } from "react";
  2  |  import { motion, AnimatePresence } from "framer-motion";
     |                                           ^
  3  |  import { useReveal } from "../../hooks/useReveal";
  4  |  var _jsxFileName = "D:/AI Documentation/frontend/src/components/landing/Testimonials.jsx";[39m
[2m12:30:16 pm[22m [31m[1m[vite][22m[39m [31mInternal server error: Failed to resolve import "framer-motion" from "src/components/landing/Testimonials.jsx". Does the file exist?[39m
  Plugin: [35mvite:import-analysis[39m
  File: [36mD:/AI Documentation/frontend/src/components/landing/Testimonials.jsx[39m:2:40
[33m  1  |  import { useState, useEffect, useCallback } from "react";
  2  |  import { motion, AnimatePresence } from "framer-motion";
     |                                           ^
  3  |  import { useReveal } from "../../hooks/useReveal";
  4  |  var _jsxFileName = "D:/AI Documentation/frontend/src/components/landing/Testimonials.jsx";[39m
      at TransformPluginContext._formatLog (file:///D:/AI%20Documentation/frontend/node_modules/vite/dist/node/chunks/node.js:30602:39)
      at TransformPluginContext.error (file:///D:/AI%20Documentation/frontend/node_modules/vite/dist/node/chunks/node.js:30599:14)
      at normalizeUrl (file:///D:/AI%20Documentation/frontend/node_modules/vite/dist/node/chunks/node.js:27842:18)
      at async file:///D:/AI%20Documentation/frontend/node_modules/vite/dist/node/chunks/node.js:27905:30
      at async Promise.all (index 1)
      at async TransformPluginContext.transform (file:///D:/AI%20Documentation/frontend/node_modules/vite/dist/node/chunks/node.js:27873:4)
      at async EnvironmentPluginContainer.transform (file:///D:/AI%20Documentation/frontend/node_modules/vite/dist/node/chunks/node.js:30387:14)
      at async loadAndTransform (file:///D:/AI%20Documentation/frontend/node_modules/vite/dist/node/chunks/node.js:24646:26)
[2m12:30:16 pm[22m [31m[1m[vite][22m[39m [31m[2m(client)[22m[39m Pre-transform error: Failed to resolve import "framer-motion" from "src/components/landing/CTA.jsx". Does the file exist?
  Plugin: [35mvite:import-analysis[39m
  File: [36mD:/AI Documentation/frontend/src/components/landing/CTA.jsx[39m:1:58
[33m  1  |  import { motion, useMotionTemplate, useMotionValue } from "framer-motion";
     |                                                             ^
  2  |  import { FaArrowRight, FaCheckCircle } from "react-icons/fa";
  3  |  import { useRevealChildren } from "../../hooks/useReveal";[39m
[2m12:30:16 pm[22m [31m[1m[vite][22m[39m [31mInternal server error: Failed to resolve import "framer-motion" from "src/components/landing/CTA.jsx". Does the file exist?[39m
  Plugin: [35mvite:import-analysis[39m
  File: [36mD:/AI Documentation/frontend/src/components/landing/CTA.jsx[39m:1:58
[33m  1  |  import { motion, useMotionTemplate, useMotionValue } from "framer-motion";
     |                                                             ^
  2  |  import { FaArrowRight, FaCheckCircle } from "react-icons/fa";
  3  |  import { useRevealChildren } from "../../hooks/useReveal";[39m
      at TransformPluginContext._formatLog (file:///D:/AI%20Documentation/frontend/node_modules/vite/dist/node/chunks/node.js:30602:39)
      at TransformPluginContext.error (file:///D:/AI%20Documentation/frontend/node_modules/vite/dist/node/chunks/node.js:30599:14)
      at normalizeUrl (file:///D:/AI%20Documentation/frontend/node_modules/vite/dist/node/chunks/node.js:27842:18)
      at async file:///D:/AI%20Documentation/frontend/node_modules/vite/dist/node/chunks/node.js:27905:30
      at async Promise.all (index 0)
      at async TransformPluginContext.transform (file:///D:/AI%20Documentation/frontend/node_modules/vite/dist/node/chunks/node.js:27873:4)
      at async EnvironmentPluginContainer.transform (file:///D:/AI%20Documentation/frontend/node_modules/vite/dist/node/chunks/node.js:30387:14)
      at async loadAndTransform (file:///D:/AI%20Documentation/frontend/node_modules/vite/dist/node/chunks/node.js:24646:26)
[2m12:30:16 pm[22m [31m[1m[vite][22m[39m [31m[2m(client)[22m[39m Pre-transform error: Failed to resolve import "framer-motion" from "src/components/landing/Navbar.jsx". Does the file exist?
  Plugin: [35mvite:import-analysis[39m
  File: [36mD:/AI Documentation/frontend/src/components/landing/Navbar.jsx[39m:2:40
[33m  1  |  import { useState, useEffect } from "react";
  2  |  import { motion, AnimatePresence } from "framer-motion";
     |                                           ^
  3  |  var _jsxFileName = "D:/AI Documentation/frontend/src/components/landing/Navbar.jsx";
  4  |  import { jsxDEV as _jsxDEV } from "react/jsx-dev-runtime";[39m
[2m12:30:16 pm[22m [31m[1m[vite][22m[39m [31mInternal server error: Failed to resolve import "framer-motion" from "src/components/landing/Navbar.jsx". Does the file exist?[39m
  Plugin: [35mvite:import-analysis[39m
  File: [36mD:/AI Documentation/frontend/src/components/landing/Navbar.jsx[39m:2:40
[33m  1  |  import { useState, useEffect } from "react";
  2  |  import { motion, AnimatePresence } from "framer-motion";
     |                                           ^
  3  |  var _jsxFileName = "D:/AI Documentation/frontend/src/components/landing/Navbar.jsx";
  4  |  import { jsxDEV as _jsxDEV } from "react/jsx-dev-runtime";[39m
      at TransformPluginContext._formatLog (file:///D:/AI%20Documentation/frontend/node_modules/vite/dist/node/chunks/node.js:30602:39)
      at TransformPluginContext.error (file:///D:/AI%20Documentation/frontend/node_modules/vite/dist/node/chunks/node.js:30599:14)
      at normalizeUrl (file:///D:/AI%20Documentation/frontend/node_modules/vite/dist/node/chunks/node.js:27842:18)
      at async file:///D:/AI%20Documentation/frontend/node_modules/vite/dist/node/chunks/node.js:27905:30
      at async Promise.all (index 1)
      at async TransformPluginContext.transform (file:///D:/AI%20Documentation/frontend/node_modules/vite/dist/node/chunks/node.js:27873:4)
      at async EnvironmentPluginContainer.transform (file:///D:/AI%20Documentation/frontend/node_modules/vite/dist/node/chunks/node.js:30387:14)
      at async loadAndTransform (file:///D:/AI%20Documentation/frontend/node_modules/vite/dist/node/chunks/node.js:24646:26)
[2m12:30:16 pm[22m [31m[1m[vite][22m[39m [31m[2m(client)[22m[39m Pre-transform error: Failed to resolve import "framer-motion" from "src/components/landing/Testimonials.jsx". Does the file exist?
  Plugin: [35mvite:import-analysis[39m
  File: [36mD:/AI Documentation/frontend/src/components/landing/Testimonials.jsx[39m:2:40
[33m  1  |  import { useState, useEffect, useCallback } from "react";
  2  |  import { motion, AnimatePresence } from "framer-motion";
     |                                           ^
  3  |  import { useReveal } from "../../hooks/useReveal";
  4  |  var _jsxFileName = "D:/AI Documentation/frontend/src/components/landing/Testimonials.jsx";[39m
[2m12:30:16 pm[22m [31m[1m[vite][22m[39m [31mInternal server error: Failed to resolve import "framer-motion" from "src/components/landing/Testimonials.jsx". Does the file exist?[39m
  Plugin: [35mvite:import-analysis[39m
  File: [36mD:/AI Documentation/frontend/src/components/landing/Testimonials.jsx[39m:2:40
[33m  1  |  import { useState, useEffect, useCallback } from "react";
  2  |  import { motion, AnimatePresence } from "framer-motion";
     |                                           ^
  3  |  import { useReveal } from "../../hooks/useReveal";
  4  |  var _jsxFileName = "D:/AI Documentation/frontend/src/components/landing/Testimonials.jsx";[39m
      at TransformPluginContext._formatLog (file:///D:/AI%20Documentation/frontend/node_modules/vite/dist/node/chunks/node.js:30602:39)
      at TransformPluginContext.error (file:///D:/AI%20Documentation/frontend/node_modules/vite/dist/node/chunks/node.js:30599:14)
      at normalizeUrl (file:///D:/AI%20Documentation/frontend/node_modules/vite/dist/node/chunks/node.js:27842:18)
      at async file:///D:/AI%20Documentation/frontend/node_modules/vite/dist/node/chunks/node.js:27905:30
      at async Promise.all (index 1)
      at async TransformPluginContext.transform (file:///D:/AI%20Documentation/frontend/node_modules/vite/dist/node/chunks/node.js:27873:4)
      at async EnvironmentPluginContainer.transform (file:///D:/AI%20Documentation/frontend/node_modules/vite/dist/node/chunks/node.js:30387:14)
      at async loadAndTransform (file:///D:/AI%20Documentation/frontend/node_modules/vite/dist/node/chunks/node.js:24646:26)
[2m12:30:16 pm[22m [31m[1m[vite][22m[39m [31m[2m(client)[22m[39m Pre-transform error: Failed to resolve import "framer-motion" from "src/components/landing/CTA.jsx". Does the file exist?
  Plugin: [35mvite:import-analysis[39m
  File: [36mD:/AI Documentation/frontend/src/components/landing/CTA.jsx[39m:1:58
[33m  1  |  import { motion, useMotionTemplate, useMotionValue } from "framer-motion";
     |                                                             ^
  2  |  import { FaArrowRight, FaCheckCircle } from "react-icons/fa";
  3  |  import { useRevealChildren } from "../../hooks/useReveal";[39m
[2m12:30:16 pm[22m [31m[1m[vite][22m[39m [31mInternal server error: Failed to resolve import "framer-motion" from "src/components/landing/CTA.jsx". Does the file exist?[39m
  Plugin: [35mvite:import-analysis[39m
  File: [36mD:/AI Documentation/frontend/src/components/landing/CTA.jsx[39m:1:58
[33m  1  |  import { motion, useMotionTemplate, useMotionValue } from "framer-motion";
     |                                                             ^
  2  |  import { FaArrowRight, FaCheckCircle } from "react-icons/fa";
  3  |  import { useRevealChildren } from "../../hooks/useReveal";[39m
      at TransformPluginContext._formatLog (file:///D:/AI%20Documentation/frontend/node_modules/vite/dist/node/chunks/node.js:30602:39)
      at TransformPluginContext.error (file:///D:/AI%20Documentation/frontend/node_modules/vite/dist/node/chunks/node.js:30599:14)
      at normalizeUrl (file:///D:/AI%20Documentation/frontend/node_modules/vite/dist/node/chunks/node.js:27842:18)
      at async file:///D:/AI%20Documentation/frontend/node_modules/vite/dist/node/chunks/node.js:27905:30
      at async Promise.all (index 0)
      at async TransformPluginContext.transform (file:///D:/AI%20Documentation/frontend/node_modules/vite/dist/node/chunks/node.js:27873:4)
      at async EnvironmentPluginContainer.transform (file:///D:/AI%20Documentation/frontend/node_modules/vite/dist/node/chunks/node.js:30387:14)
      at async loadAndTransform (file:///D:/AI%20Documentation/frontend/node_modules/vite/dist/node/chunks/node.js:24646:26)
[2m12:30:16 pm[22m [31m[1m[vite][22m[39m [31m[2m(client)[22m[39m Pre-transform error: Failed to resolve import "framer-motion" from "src/components/landing/Navbar.jsx". Does the file exist?
  Plugin: [35mvite:import-analysis[39m
  File: [36mD:/AI Documentation/frontend/src/components/landing/Navbar.jsx[39m:2:40
[33m  1  |  import { useState, useEffect } from "react";
  2  |  import { motion, AnimatePresence } from "framer-motion";
     |                                           ^
  3  |  var _jsxFileName = "D:/AI Documentation/frontend/src/components/landing/Navbar.jsx";
  4  |  import { jsxDEV as _jsxDEV } from "react/jsx-dev-runtime";[39m
[2m12:30:16 pm[22m [31m[1m[vite][22m[39m [31mInternal server error: Failed to resolve import "framer-motion" from "src/components/landing/Navbar.jsx". Does the file exist?[39m
  Plugin: [35mvite:import-analysis[39m
  File: [36mD:/AI Documentation/frontend/src/components/landing/Navbar.jsx[39m:2:40
[33m  1  |  import { useState, useEffect } from "react";
  2  |  import { motion, AnimatePresence } from "framer-motion";
     |                                           ^
  3  |  var _jsxFileName = "D:/AI Documentation/frontend/src/components/landing/Navbar.jsx";
  4  |  import { jsxDEV as _jsxDEV } from "react/jsx-dev-runtime";[39m
      at TransformPluginContext._formatLog (file:///D:/AI%20Documentation/frontend/node_modules/vite/dist/node/chunks/node.js:30602:39)
      at TransformPluginContext.error (file:///D:/AI%20Documentation/frontend/node_modules/vite/dist/node/chunks/node.js:30599:14)
      at normalizeUrl (file:///D:/AI%20Documentation/frontend/node_modules/vite/dist/node/chunks/node.js:27842:18)
      at async file:///D:/AI%20Documentation/frontend/node_modules/vite/dist/node/chunks/node.js:27905:30
      at async Promise.all (index 1)
      at async TransformPluginContext.transform (file:///D:/AI%20Documentation/frontend/node_modules/vite/dist/node/chunks/node.js:27873:4)
      at async EnvironmentPluginContainer.transform (file:///D:/AI%20Documentation/frontend/node_modules/vite/dist/node/chunks/node.js:30387:14)
      at async loadAndTransform (file:///D:/AI%20Documentation/frontend/node_modules/vite/dist/node/chunks/node.js:24646:26)
[2m12:30:16 pm[22m [31m[1m[vite][22m[39m [31m[2m(client)[22m[39m Pre-transform error: Failed to resolve import "framer-motion" from "src/components/landing/Testimonials.jsx". Does the file exist?
  Plugin: [35mvite:import-analysis[39m
  File: [36mD:/AI Documentation/frontend/src/components/landing/Testimonials.jsx[39m:2:40
[33m  1  |  import { useState, useEffect, useCallback } from "react";
  2  |  import { motion, AnimatePresence } from "framer-motion";
     |                                           ^
  3  |  import { useReveal } from "../../hooks/useReveal";
  4  |  var _jsxFileName = "D:/AI Documentation/frontend/src/components/landing/Testimonials.jsx";[39m
[2m12:30:16 pm[22m [31m[1m[vite][22m[39m [31mInternal server error: Failed to resolve import "framer-motion" from "src/components/landing/Testimonials.jsx". Does the file exist?[39m
  Plugin: [35mvite:import-analysis[39m
  File: [36mD:/AI Documentation/frontend/src/components/landing/Testimonials.jsx[39m:2:40
[33m  1  |  import { useState, useEffect, useCallback } from "react";
  2  |  import { motion, AnimatePresence } from "framer-motion";
     |                                           ^
  3  |  import { useReveal } from "../../hooks/useReveal";
  4  |  var _jsxFileName = "D:/AI Documentation/frontend/src/components/landing/Testimonials.jsx";[39m
      at TransformPluginContext._formatLog (file:///D:/AI%20Documentation/frontend/node_modules/vite/dist/node/chunks/node.js:30602:39)
      at TransformPluginContext.error (file:///D:/AI%20Documentation/frontend/node_modules/vite/dist/node/chunks/node.js:30599:14)
      at normalizeUrl (file:///D:/AI%20Documentation/frontend/node_modules/vite/dist/node/chunks/node.js:27842:18)
      at async file:///D:/AI%20Documentation/frontend/node_modules/vite/dist/node/chunks/node.js:27905:30
      at async Promise.all (index 1)
      at async TransformPluginContext.transform (file:///D:/AI%20Documentation/frontend/node_modules/vite/dist/node/chunks/node.js:27873:4)
      at async EnvironmentPluginContainer.transform (file:///D:/AI%20Documentation/frontend/node_modules/vite/dist/node/chunks/node.js:30387:14)
      at async loadAndTransform (file:///D:/AI%20Documentation/frontend/node_modules/vite/dist/node/chunks/node.js:24646:26)
[2m12:30:16 pm[22m [31m[1m[vite][22m[39m [31m[2m(client)[22m[39m Pre-transform error: Failed to resolve import "framer-motion" from "src/components/landing/CTA.jsx". Does the file exist?
  Plugin: [35mvite:import-analysis[39m
  File: [36mD:/AI Documentation/frontend/src/components/landing/CTA.jsx[39m:1:58
[33m  1  |  import { motion, useMotionTemplate, useMotionValue } from "framer-motion";
     |                                                             ^
  2  |  import { FaArrowRight, FaCheckCircle } from "react-icons/fa";
  3  |  import { useRevealChildren } from "../../hooks/useReveal";[39m
[2m12:30:16 pm[22m [31m[1m[vite][22m[39m [31mInternal server error: Failed to resolve import "framer-motion" from "src/components/landing/CTA.jsx". Does the file exist?[39m
  Plugin: [35mvite:import-analysis[39m
  File: [36mD:/AI Documentation/frontend/src/components/landing/CTA.jsx[39m:1:58
[33m  1  |  import { motion, useMotionTemplate, useMotionValue } from "framer-motion";
     |                                                             ^
  2  |  import { FaArrowRight, FaCheckCircle } from "react-icons/fa";
  3  |  import { useRevealChildren } from "../../hooks/useReveal";[39m
      at TransformPluginContext._formatLog (file:///D:/AI%20Documentation/frontend/node_modules/vite/dist/node/chunks/node.js:30602:39)
      at TransformPluginContext.error (file:///D:/AI%20Documentation/frontend/node_modules/vite/dist/node/chunks/node.js:30599:14)
      at normalizeUrl (file:///D:/AI%20Documentation/frontend/node_modules/vite/dist/node/chunks/node.js:27842:18)
      at async file:///D:/AI%20Documentation/frontend/node_modules/vite/dist/node/chunks/node.js:27905:30
      at async Promise.all (index 0)
      at async TransformPluginContext.transform (file:///D:/AI%20Documentation/frontend/node_modules/vite/dist/node/chunks/node.js:27873:4)
      at async EnvironmentPluginContainer.transform (file:///D:/AI%20Documentation/frontend/node_modules/vite/dist/node/chunks/node.js:30387:14)
      at async loadAndTransform (file:///D:/AI%20Documentation/frontend/node_modules/vite/dist/node/chunks/node.js:24646:26)
[2m12:30:16 pm[22m [31m[1m[vite][22m[39m [31m[2m(client)[22m[39m Pre-transform error: Failed to resolve import "framer-motion" from "src/components/landing/Navbar.jsx". Does the file exist?
  Plugin: [35mvite:import-analysis[39m
  File: [36mD:/AI Documentation/frontend/src/components/landing/Navbar.jsx[39m:2:40
[33m  1  |  import { useState, useEffect } from "react";
  2  |  import { motion, AnimatePresence } from "framer-motion";
     |                                           ^
  3  |  var _jsxFileName = "D:/AI Documentation/frontend/src/components/landing/Navbar.jsx";
  4  |  import { jsxDEV as _jsxDEV } from "react/jsx-dev-runtime";[39m
[2m12:30:16 pm[22m [31m[1m[vite][22m[39m [31mInternal server error: Failed to resolve import "framer-motion" from "src/components/landing/Navbar.jsx". Does the file exist?[39m
  Plugin: [35mvite:import-analysis[39m
  File: [36mD:/AI Documentation/frontend/src/components/landing/Navbar.jsx[39m:2:40
[33m  1  |  import { useState, useEffect } from "react";
  2  |  import { motion, AnimatePresence } from "framer-motion";
     |                                           ^
  3  |  var _jsxFileName = "D:/AI Documentation/frontend/src/components/landing/Navbar.jsx";
  4  |  import { jsxDEV as _jsxDEV } from "react/jsx-dev-runtime";[39m
      at TransformPluginContext._formatLog (file:///D:/AI%20Documentation/frontend/node_modules/vite/dist/node/chunks/node.js:30602:39)
      at TransformPluginContext.error (file:///D:/AI%20Documentation/frontend/node_modules/vite/dist/node/chunks/node.js:30599:14)
      at normalizeUrl (file:///D:/AI%20Documentation/frontend/node_modules/vite/dist/node/chunks/node.js:27842:18)
      at async file:///D:/AI%20Documentation/frontend/node_modules/vite/dist/node/chunks/node.js:27905:30
      at async Promise.all (index 1)
      at async TransformPluginContext.transform (file:///D:/AI%20Documentation/frontend/node_modules/vite/dist/node/chunks/node.js:27873:4)
      at async EnvironmentPluginContainer.transform (file:///D:/AI%20Documentation/frontend/node_modules/vite/dist/node/chunks/node.js:30387:14)
      at async loadAndTransform (file:///D:/AI%20Documentation/frontend/node_modules/vite/dist/node/chunks/node.js:24646:26)
[2m12:30:16 pm[22m [31m[1m[vite][22m[39m [31m[2m(client)[22m[39m Pre-transform error: Failed to resolve import "framer-motion" from "src/components/landing/CTA.jsx". Does the file exist?
  Plugin: [35mvite:import-analysis[39m
  File: [36mD:/AI Documentation/frontend/src/components/landing/CTA.jsx[39m:1:58
[33m  1  |  import { motion, useMotionTemplate, useMotionValue } from "framer-motion";
     |                                                             ^
  2  |  import { FaArrowRight, FaCheckCircle } from "react-icons/fa";
  3  |  import { useRevealChildren } from "../../hooks/useReveal";[39m
[2m12:30:16 pm[22m [31m[1m[vite][22m[39m [31mInternal server error: Failed to resolve import "framer-motion" from "src/components/landing/CTA.jsx". Does the file exist?[39m
  Plugin: [35mvite:import-analysis[39m
  File: [36mD:/AI Documentation/frontend/src/components/landing/CTA.jsx[39m:1:58
[33m  1  |  import { motion, useMotionTemplate, useMotionValue } from "framer-motion";
     |                                                             ^
  2  |  import { FaArrowRight, FaCheckCircle } from "react-icons/fa";
  3  |  import { useRevealChildren } from "../../hooks/useReveal";[39m
      at TransformPluginContext._formatLog (file:///D:/AI%20Documentation/frontend/node_modules/vite/dist/node/chunks/node.js:30602:39)
      at TransformPluginContext.error (file:///D:/AI%20Documentation/frontend/node_modules/vite/dist/node/chunks/node.js:30599:14)
      at normalizeUrl (file:///D:/AI%20Documentation/frontend/node_modules/vite/dist/node/chunks/node.js:27842:18)
      at async file:///D:/AI%20Documentation/frontend/node_modules/vite/dist/node/chunks/node.js:27905:30
      at async Promise.all (index 0)
      at async TransformPluginContext.transform (file:///D:/AI%20Documentation/frontend/node_modules/vite/dist/node/chunks/node.js:27873:4)
      at async EnvironmentPluginContainer.transform (file:///D:/AI%20Documentation/frontend/node_modules/vite/dist/node/chunks/node.js:30387:14)
      at async loadAndTransform (file:///D:/AI%20Documentation/frontend/node_modules/vite/dist/node/chunks/node.js:24646:26)
[2m12:30:16 pm[22m [31m[1m[vite][22m[39m [31m[2m(client)[22m[39m Pre-transform error: Failed to resolve import "framer-motion" from "src/components/landing/Testimonials.jsx". Does the file exist?
  Plugin: [35mvite:import-analysis[39m
  File: [36mD:/AI Documentation/frontend/src/components/landing/Testimonials.jsx[39m:2:40
[33m  1  |  import { useState, useEffect, useCallback } from "react";
  2  |  import { motion, AnimatePresence } from "framer-motion";
     |                                           ^
  3  |  import { useReveal } from "../../hooks/useReveal";
  4  |  var _jsxFileName = "D:/AI Documentation/frontend/src/components/landing/Testimonials.jsx";[39m
[2m12:30:16 pm[22m [31m[1m[vite][22m[39m [31mInternal server error: Failed to resolve import "framer-motion" from "src/components/landing/Testimonials.jsx". Does the file exist?[39m
  Plugin: [35mvite:import-analysis[39m
  File: [36mD:/AI Documentation/frontend/src/components/landing/Testimonials.jsx[39m:2:40
[33m  1  |  import { useState, useEffect, useCallback } from "react";
  2  |  import { motion, AnimatePresence } from "framer-motion";
     |                                           ^
  3  |  import { useReveal } from "../../hooks/useReveal";
  4  |  var _jsxFileName = "D:/AI Documentation/frontend/src/components/landing/Testimonials.jsx";[39m
      at TransformPluginContext._formatLog (file:///D:/AI%20Documentation/frontend/node_modules/vite/dist/node/chunks/node.js:30602:39)
      at TransformPluginContext.error (file:///D:/AI%20Documentation/frontend/node_modules/vite/dist/node/chunks/node.js:30599:14)
      at normalizeUrl (file:///D:/AI%20Documentation/frontend/node_modules/vite/dist/node/chunks/node.js:27842:18)
      at async file:///D:/AI%20Documentation/frontend/node_modules/vite/dist/node/chunks/node.js:27905:30
      at async Promise.all (index 1)
      at async TransformPluginContext.transform (file:///D:/AI%20Documentation/frontend/node_modules/vite/dist/node/chunks/node.js:27873:4)
      at async EnvironmentPluginContainer.transform (file:///D:/AI%20Documentation/frontend/node_modules/vite/dist/node/chunks/node.js:30387:14)
      at async loadAndTransform (file:///D:/AI%20Documentation/frontend/node_modules/vite/dist/node/chunks/node.js:24646:26)
[2m12:30:16 pm[22m [31m[1m[vite][22m[39m [31m[2m(client)[22m[39m Pre-transform error: Failed to resolve import "framer-motion" from "src/components/landing/Navbar.jsx". Does the file exist?
  Plugin: [35mvite:import-analysis[39m
  File: [36mD:/AI Documentation/frontend/src/components/landing/Navbar.jsx[39m:2:40
[33m  1  |  import { useState, useEffect } from "react";
  2  |  import { motion, AnimatePresence } from "framer-motion";
     |                                           ^
  3  |  var _jsxFileName = "D:/AI Documentation/frontend/src/components/landing/Navbar.jsx";
  4  |  import { jsxDEV as _jsxDEV } from "react/jsx-dev-runtime";[39m
[2m12:30:16 pm[22m [31m[1m[vite][22m[39m [31mInternal server error: Failed to resolve import "framer-motion" from "src/components/landing/Navbar.jsx". Does the file exist?[39m
  Plugin: [35mvite:import-analysis[39m
  File: [36mD:/AI Documentation/frontend/src/components/landing/Navbar.jsx[39m:2:40
[33m  1  |  import { useState, useEffect } from "react";
  2  |  import { motion, AnimatePresence } from "framer-motion";
     |                                           ^
  3  |  var _jsxFileName = "D:/AI Documentation/frontend/src/components/landing/Navbar.jsx";
  4  |  import { jsxDEV as _jsxDEV } from "react/jsx-dev-runtime";[39m
      at TransformPluginContext._formatLog (file:///D:/AI%20Documentation/frontend/node_modules/vite/dist/node/chunks/node.js:30602:39)
      at TransformPluginContext.error (file:///D:/AI%20Documentation/frontend/node_modules/vite/dist/node/chunks/node.js:30599:14)
      at normalizeUrl (file:///D:/AI%20Documentation/frontend/node_modules/vite/dist/node/chunks/node.js:27842:18)
      at async file:///D:/AI%20Documentation/frontend/node_modules/vite/dist/node/chunks/node.js:27905:30
      at async Promise.all (index 1)
      at async TransformPluginContext.transform (file:///D:/AI%20Documentation/frontend/node_modules/vite/dist/node/chunks/node.js:27873:4)
      at async EnvironmentPluginContainer.transform (file:///D:/AI%20Documentation/frontend/node_modules/vite/dist/node/chunks/node.js:30387:14)
      at async loadAndTransform (file:///D:/AI%20Documentation/frontend/node_modules/vite/dist/node/chunks/node.js:24646:26)
[2m12:30:16 pm[22m [31m[1m[vite][22m[39m [31m[2m(client)[22m[39m Pre-transform error: Failed to resolve import "framer-motion" from "src/components/landing/Testimonials.jsx". Does the file exist?
  Plugin: [35mvite:import-analysis[39m
  File: [36mD:/AI Documentation/frontend/src/components/landing/Testimonials.jsx[39m:2:40
[33m  1  |  import { useState, useEffect, useCallback } from "react";
  2  |  import { motion, AnimatePresence } from "framer-motion";
     |                                           ^
  3  |  import { useReveal } from "../../hooks/useReveal";
  4  |  var _jsxFileName = "D:/AI Documentation/frontend/src/components/landing/Testimonials.jsx";[39m
[2m12:30:16 pm[22m [31m[1m[vite][22m[39m [31mInternal server error: Failed to resolve import "framer-motion" from "src/components/landing/Testimonials.jsx". Does the file exist?[39m
  Plugin: [35mvite:import-analysis[39m
  File: [36mD:/AI Documentation/frontend/src/components/landing/Testimonials.jsx[39m:2:40
[33m  1  |  import { useState, useEffect, useCallback } from "react";
  2  |  import { motion, AnimatePresence } from "framer-motion";
     |                                           ^
  3  |  import { useReveal } from "../../hooks/useReveal";
  4  |  var _jsxFileName = "D:/AI Documentation/frontend/src/components/landing/Testimonials.jsx";[39m
      at TransformPluginContext._formatLog (file:///D:/AI%20Documentation/frontend/node_modules/vite/dist/node/chunks/node.js:30602:39)
      at TransformPluginContext.error (file:///D:/AI%20Documentation/frontend/node_modules/vite/dist/node/chunks/node.js:30599:14)
      at normalizeUrl (file:///D:/AI%20Documentation/frontend/node_modules/vite/dist/node/chunks/node.js:27842:18)
      at async file:///D:/AI%20Documentation/frontend/node_modules/vite/dist/node/chunks/node.js:27905:30
      at async Promise.all (index 1)
      at async TransformPluginContext.transform (file:///D:/AI%20Documentation/frontend/node_modules/vite/dist/node/chunks/node.js:27873:4)
      at async EnvironmentPluginContainer.transform (file:///D:/AI%20Documentation/frontend/node_modules/vite/dist/node/chunks/node.js:30387:14)
      at async loadAndTransform (file:///D:/AI%20Documentation/frontend/node_modules/vite/dist/node/chunks/node.js:24646:26)
[2m12:30:16 pm[22m [31m[1m[vite][22m[39m [31m[2m(client)[22m[39m Pre-transform error: Failed to resolve import "framer-motion" from "src/components/landing/CTA.jsx". Does the file exist?
  Plugin: [35mvite:import-analysis[39m
  File: [36mD:/AI Documentation/frontend/src/components/landing/CTA.jsx[39m:1:58
[33m  1  |  import { motion, useMotionTemplate, useMotionValue } from "framer-motion";
     |                                                             ^
  2  |  import { FaArrowRight, FaCheckCircle } from "react-icons/fa";
  3  |  import { useRevealChildren } from "../../hooks/useReveal";[39m
[2m12:30:16 pm[22m [31m[1m[vite][22m[39m [31mInternal server error: Failed to resolve import "framer-motion" from "src/components/landing/CTA.jsx". Does the file exist?[39m
  Plugin: [35mvite:import-analysis[39m
  File: [36mD:/AI Documentation/frontend/src/components/landing/CTA.jsx[39m:1:58
[33m  1  |  import { motion, useMotionTemplate, useMotionValue } from "framer-motion";
     |                                                             ^
  2  |  import { FaArrowRight, FaCheckCircle } from "react-icons/fa";
  3  |  import { useRevealChildren } from "../../hooks/useReveal";[39m
      at TransformPluginContext._formatLog (file:///D:/AI%20Documentation/frontend/node_modules/vite/dist/node/chunks/node.js:30602:39)
      at TransformPluginContext.error (file:///D:/AI%20Documentation/frontend/node_modules/vite/dist/node/chunks/node.js:30599:14)
      at normalizeUrl (file:///D:/AI%20Documentation/frontend/node_modules/vite/dist/node/chunks/node.js:27842:18)
      at async file:///D:/AI%20Documentation/frontend/node_modules/vite/dist/node/chunks/node.js:27905:30
      at async Promise.all (index 0)
      at async TransformPluginContext.transform (file:///D:/AI%20Documentation/frontend/node_modules/vite/dist/node/chunks/node.js:27873:4)
      at async EnvironmentPluginContainer.transform (file:///D:/AI%20Documentation/frontend/node_modules/vite/dist/node/chunks/node.js:30387:14)
      at async loadAndTransform (file:///D:/AI%20Documentation/frontend/node_modules/vite/dist/node/chunks/node.js:24646:26)
[2m12:30:16 pm[22m [31m[1m[vite][22m[39m [31m[2m(client)[22m[39m Pre-transform error: Failed to resolve import "framer-motion" from "src/components/landing/Navbar.jsx". Does the file exist?
  Plugin: [35mvite:import-analysis[39m
  File: [36mD:/AI Documentation/frontend/src/components/landing/Navbar.jsx[39m:2:40
[33m  1  |  import { useState, useEffect } from "react";
  2  |  import { motion, AnimatePresence } from "framer-motion";
     |                                           ^
  3  |  var _jsxFileName = "D:/AI Documentation/frontend/src/components/landing/Navbar.jsx";
  4  |  import { jsxDEV as _jsxDEV } from "react/jsx-dev-runtime";[39m
[2m12:30:16 pm[22m [31m[1m[vite][22m[39m [31mInternal server error: Failed to resolve import "framer-motion" from "src/components/landing/Navbar.jsx". Does the file exist?[39m
  Plugin: [35mvite:import-analysis[39m
  File: [36mD:/AI Documentation/frontend/src/components/landing/Navbar.jsx[39m:2:40
[33m  1  |  import { useState, useEffect } from "react";
  2  |  import { motion, AnimatePresence } from "framer-motion";
     |                                           ^
  3  |  var _jsxFileName = "D:/AI Documentation/frontend/src/components/landing/Navbar.jsx";
  4  |  import { jsxDEV as _jsxDEV } from "react/jsx-dev-runtime";[39m
      at TransformPluginContext._formatLog (file:///D:/AI%20Documentation/frontend/node_modules/vite/dist/node/chunks/node.js:30602:39)
      at TransformPluginContext.error (file:///D:/AI%20Documentation/frontend/node_modules/vite/dist/node/chunks/node.js:30599:14)
      at normalizeUrl (file:///D:/AI%20Documentation/frontend/node_modules/vite/dist/node/chunks/node.js:27842:18)
      at async file:///D:/AI%20Documentation/frontend/node_modules/vite/dist/node/chunks/node.js:27905:30
      at async Promise.all (index 1)
      at async TransformPluginContext.transform (file:///D:/AI%20Documentation/frontend/node_modules/vite/dist/node/chunks/node.js:27873:4)
      at async EnvironmentPluginContainer.transform (file:///D:/AI%20Documentation/frontend/node_modules/vite/dist/node/chunks/node.js:30387:14)
      at async loadAndTransform (file:///D:/AI%20Documentation/frontend/node_modules/vite/dist/node/chunks/node.js:24646:26)
[2m12:30:16 pm[22m [31m[1m[vite][22m[39m [31m[2m(client)[22m[39m Pre-transform error: Failed to resolve import "framer-motion" from "src/components/landing/Testimonials.jsx". Does the file exist?
  Plugin: [35mvite:import-analysis[39m
  File: [36mD:/AI Documentation/frontend/src/components/landing/Testimonials.jsx[39m:2:40
[33m  1  |  import { useState, useEffect, useCallback } from "react";
  2  |  import { motion, AnimatePresence } from "framer-motion";
     |                                           ^
  3  |  import { useReveal } from "../../hooks/useReveal";
  4  |  var _jsxFileName = "D:/AI Documentation/frontend/src/components/landing/Testimonials.jsx";[39m
[2m12:30:16 pm[22m [31m[1m[vite][22m[39m [31mInternal server error: Failed to resolve import "framer-motion" from "src/components/landing/Testimonials.jsx". Does the file exist?[39m
  Plugin: [35mvite:import-analysis[39m
  File: [36mD:/AI Documentation/frontend/src/components/landing/Testimonials.jsx[39m:2:40
[33m  1  |  import { useState, useEffect, useCallback } from "react";
  2  |  import { motion, AnimatePresence } from "framer-motion";
     |                                           ^
  3  |  import { useReveal } from "../../hooks/useReveal";
  4  |  var _jsxFileName = "D:/AI Documentation/frontend/src/components/landing/Testimonials.jsx";[39m
      at TransformPluginContext._formatLog (file:///D:/AI%20Documentation/frontend/node_modules/vite/dist/node/chunks/node.js:30602:39)
      at TransformPluginContext.error (file:///D:/AI%20Documentation/frontend/node_modules/vite/dist/node/chunks/node.js:30599:14)
      at normalizeUrl (file:///D:/AI%20Documentation/frontend/node_modules/vite/dist/node/chunks/node.js:27842:18)
      at async file:///D:/AI%20Documentation/frontend/node_modules/vite/dist/node/chunks/node.js:27905:30
      at async Promise.all (index 1)
      at async TransformPluginContext.transform (file:///D:/AI%20Documentation/frontend/node_modules/vite/dist/node/chunks/node.js:27873:4)
      at async EnvironmentPluginContainer.transform (file:///D:/AI%20Documentation/frontend/node_modules/vite/dist/node/chunks/node.js:30387:14)
      at async loadAndTransform (file:///D:/AI%20Documentation/frontend/node_modules/vite/dist/node/chunks/node.js:24646:26)
[2m12:30:16 pm[22m [31m[1m[vite][22m[39m [31m[2m(client)[22m[39m Pre-transform error: Failed to resolve import "framer-motion" from "src/components/landing/CTA.jsx". Does the file exist?
  Plugin: [35mvite:import-analysis[39m
  File: [36mD:/AI Documentation/frontend/src/components/landing/CTA.jsx[39m:1:58
[33m  1  |  import { motion, useMotionTemplate, useMotionValue } from "framer-motion";
     |                                                             ^
  2  |  import { FaArrowRight, FaCheckCircle } from "react-icons/fa";
  3  |  import { useRevealChildren } from "../../hooks/useReveal";[39m
[2m12:30:16 pm[22m [31m[1m[vite][22m[39m [31mInternal server error: Failed to resolve import "framer-motion" from "src/components/landing/CTA.jsx". Does the file exist?[39m
  Plugin: [35mvite:import-analysis[39m
  File: [36mD:/AI Documentation/frontend/src/components/landing/CTA.jsx[39m:1:58
[33m  1  |  import { motion, useMotionTemplate, useMotionValue } from "framer-motion";
     |                                                             ^
  2  |  import { FaArrowRight, FaCheckCircle } from "react-icons/fa";
  3  |  import { useRevealChildren } from "../../hooks/useReveal";[39m
      at TransformPluginContext._formatLog (file:///D:/AI%20Documentation/frontend/node_modules/vite/dist/node/chunks/node.js:30602:39)
      at TransformPluginContext.error (file:///D:/AI%20Documentation/frontend/node_modules/vite/dist/node/chunks/node.js:30599:14)
      at normalizeUrl (file:///D:/AI%20Documentation/frontend/node_modules/vite/dist/node/chunks/node.js:27842:18)
      at async file:///D:/AI%20Documentation/frontend/node_modules/vite/dist/node/chunks/node.js:27905:30
      at async Promise.all (index 0)
      at async TransformPluginContext.transform (file:///D:/AI%20Documentation/frontend/node_modules/vite/dist/node/chunks/node.js:27873:4)
      at async EnvironmentPluginContainer.transform (file:///D:/AI%20Documentation/frontend/node_modules/vite/dist/node/chunks/node.js:30387:14)
      at async loadAndTransform (file:///D:/AI%20Documentation/frontend/node_modules/vite/dist/node/chunks/node.js:24646:26)
[2m12:30:16 pm[22m [31m[1m[vite][22m[39m [31m[2m(client)[22m[39m Pre-transform error: Failed to resolve import "framer-motion" from "src/components/landing/Navbar.jsx". Does the file exist?
  Plugin: [35mvite:import-analysis[39m
  File: [36mD:/AI Documentation/frontend/src/components/landing/Navbar.jsx[39m:2:40
[33m  1  |  import { useState, useEffect } from "react";
  2  |  import { motion, AnimatePresence } from "framer-motion";
     |                                           ^
  3  |  var _jsxFileName = "D:/AI Documentation/frontend/src/components/landing/Navbar.jsx";
  4  |  import { jsxDEV as _jsxDEV } from "react/jsx-dev-runtime";[39m
[2m12:30:16 pm[22m [31m[1m[vite][22m[39m [31mInternal server error: Failed to resolve import "framer-motion" from "src/components/landing/Navbar.jsx". Does the file exist?[39m
  Plugin: [35mvite:import-analysis[39m
  File: [36mD:/AI Documentation/frontend/src/components/landing/Navbar.jsx[39m:2:40
[33m  1  |  import { useState, useEffect } from "react";
  2  |  import { motion, AnimatePresence } from "framer-motion";
     |                                           ^
  3  |  var _jsxFileName = "D:/AI Documentation/frontend/src/components/landing/Navbar.jsx";
  4  |  import { jsxDEV as _jsxDEV } from "react/jsx-dev-runtime";[39m
      at TransformPluginContext._formatLog (file:///D:/AI%20Documentation/frontend/node_modules/vite/dist/node/chunks/node.js:30602:39)
      at TransformPluginContext.error (file:///D:/AI%20Documentation/frontend/node_modules/vite/dist/node/chunks/node.js:30599:14)
      at normalizeUrl (file:///D:/AI%20Documentation/frontend/node_modules/vite/dist/node/chunks/node.js:27842:18)
      at async file:///D:/AI%20Documentation/frontend/node_modules/vite/dist/node/chunks/node.js:27905:30
      at async Promise.all (index 1)
      at async TransformPluginContext.transform (file:///D:/AI%20Documentation/frontend/node_modules/vite/dist/node/chunks/node.js:27873:4)
      at async EnvironmentPluginContainer.transform (file:///D:/AI%20Documentation/frontend/node_modules/vite/dist/node/chunks/node.js:30387:14)
      at async loadAndTransform (file:///D:/AI%20Documentation/frontend/node_modules/vite/dist/node/chunks/node.js:24646:26)
[2m12:30:16 pm[22m [31m[1m[vite][22m[39m [31m[2m(client)[22m[39m Pre-transform error: Failed to resolve import "framer-motion" from "src/components/landing/Testimonials.jsx". Does the file exist?
  Plugin: [35mvite:import-analysis[39m
  File: [36mD:/AI Documentation/frontend/src/components/landing/Testimonials.jsx[39m:2:40
[33m  1  |  import { useState, useEffect, useCallback } from "react";
  2  |  import { motion, AnimatePresence } from "framer-motion";
     |                                           ^
  3  |  import { useReveal } from "../../hooks/useReveal";
  4  |  var _jsxFileName = "D:/AI Documentation/frontend/src/components/landing/Testimonials.jsx";[39m
[2m12:30:16 pm[22m [31m[1m[vite][22m[39m [31mInternal server error: Failed to resolve import "framer-motion" from "src/components/landing/Testimonials.jsx". Does the file exist?[39m
  Plugin: [35mvite:import-analysis[39m
  File: [36mD:/AI Documentation/frontend/src/components/landing/Testimonials.jsx[39m:2:40
[33m  1  |  import { useState, useEffect, useCallback } from "react";
  2  |  import { motion, AnimatePresence } from "framer-motion";
     |                                           ^
  3  |  import { useReveal } from "../../hooks/useReveal";
  4  |  var _jsxFileName = "D:/AI Documentation/frontend/src/components/landing/Testimonials.jsx";[39m
      at TransformPluginContext._formatLog (file:///D:/AI%20Documentation/frontend/node_modules/vite/dist/node/chunks/node.js:30602:39)
      at TransformPluginContext.error (file:///D:/AI%20Documentation/frontend/node_modules/vite/dist/node/chunks/node.js:30599:14)
      at normalizeUrl (file:///D:/AI%20Documentation/frontend/node_modules/vite/dist/node/chunks/node.js:27842:18)
      at async file:///D:/AI%20Documentation/frontend/node_modules/vite/dist/node/chunks/node.js:27905:30
      at async Promise.all (index 1)
      at async TransformPluginContext.transform (file:///D:/AI%20Documentation/frontend/node_modules/vite/dist/node/chunks/node.js:27873:4)
      at async EnvironmentPluginContainer.transform (file:///D:/AI%20Documentation/frontend/node_modules/vite/dist/node/chunks/node.js:30387:14)
      at async loadAndTransform (file:///D:/AI%20Documentation/frontend/node_modules/vite/dist/node/chunks/node.js:24646:26)
[2m12:30:16 pm[22m [31m[1m[vite][22m[39m [31m[2m(client)[22m[39m Pre-transform error: Failed to resolve import "framer-motion" from "src/components/landing/CTA.jsx". Does the file exist?
  Plugin: [35mvite:import-analysis[39m
  File: [36mD:/AI Documentation/frontend/src/components/landing/CTA.jsx[39m:1:58
[33m  1  |  import { motion, useMotionTemplate, useMotionValue } from "framer-motion";
     |                                                             ^
  2  |  import { FaArrowRight, FaCheckCircle } from "react-icons/fa";
  3  |  import { useRevealChildren } from "../../hooks/useReveal";[39m
[2m12:30:16 pm[22m [31m[1m[vite][22m[39m [31mInternal server error: Failed to resolve import "framer-motion" from "src/components/landing/CTA.jsx". Does the file exist?[39m
  Plugin: [35mvite:import-analysis[39m
  File: [36mD:/AI Documentation/frontend/src/components/landing/CTA.jsx[39m:1:58
[33m  1  |  import { motion, useMotionTemplate, useMotionValue } from "framer-motion";
     |                                                             ^
  2  |  import { FaArrowRight, FaCheckCircle } from "react-icons/fa";
  3  |  import { useRevealChildren } from "../../hooks/useReveal";[39m
      at TransformPluginContext._formatLog (file:///D:/AI%20Documentation/frontend/node_modules/vite/dist/node/chunks/node.js:30602:39)
      at TransformPluginContext.error (file:///D:/AI%20Documentation/frontend/node_modules/vite/dist/node/chunks/node.js:30599:14)
      at normalizeUrl (file:///D:/AI%20Documentation/frontend/node_modules/vite/dist/node/chunks/node.js:27842:18)
      at async file:///D:/AI%20Documentation/frontend/node_modules/vite/dist/node/chunks/node.js:27905:30
      at async Promise.all (index 0)
      at async TransformPluginContext.transform (file:///D:/AI%20Documentation/frontend/node_modules/vite/dist/node/chunks/node.js:27873:4)
      at async EnvironmentPluginContainer.transform (file:///D:/AI%20Documentation/frontend/node_modules/vite/dist/node/chunks/node.js:30387:14)
      at async loadAndTransform (file:///D:/AI%20Documentation/frontend/node_modules/vite/dist/node/chunks/node.js:24646:26)
[2m12:30:17 pm[22m [31m[1m[vite][22m[39m [31m[2m(client)[22m[39m Pre-transform error: Failed to resolve import "framer-motion" from "src/components/landing/Navbar.jsx". Does the file exist?
  Plugin: [35mvite:import-analysis[39m
  File: [36mD:/AI Documentation/frontend/src/components/landing/Navbar.jsx[39m:2:40
[33m  1  |  import { useState, useEffect } from "react";
  2  |  import { motion, AnimatePresence } from "framer-motion";
     |                                           ^
  3  |  var _jsxFileName = "D:/AI Documentation/frontend/src/components/landing/Navbar.jsx";
  4  |  import { jsxDEV as _jsxDEV } from "react/jsx-dev-runtime";[39m
[2m12:30:17 pm[22m [31m[1m[vite][22m[39m [31mInternal server error: Failed to resolve import "framer-motion" from "src/components/landing/Navbar.jsx". Does the file exist?[39m
  Plugin: [35mvite:import-analysis[39m
  File: [36mD:/AI Documentation/frontend/src/components/landing/Navbar.jsx[39m:2:40
[33m  1  |  import { useState, useEffect } from "react";
  2  |  import { motion, AnimatePresence } from "framer-motion";
     |                                           ^
  3  |  var _jsxFileName = "D:/AI Documentation/frontend/src/components/landing/Navbar.jsx";
  4  |  import { jsxDEV as _jsxDEV } from "react/jsx-dev-runtime";[39m
      at TransformPluginContext._formatLog (file:///D:/AI%20Documentation/frontend/node_modules/vite/dist/node/chunks/node.js:30602:39)
      at TransformPluginContext.error (file:///D:/AI%20Documentation/frontend/node_modules/vite/dist/node/chunks/node.js:30599:14)
      at normalizeUrl (file:///D:/AI%20Documentation/frontend/node_modules/vite/dist/node/chunks/node.js:27842:18)
      at async file:///D:/AI%20Documentation/frontend/node_modules/vite/dist/node/chunks/node.js:27905:30
      at async Promise.all (index 1)
      at async TransformPluginContext.transform (file:///D:/AI%20Documentation/frontend/node_modules/vite/dist/node/chunks/node.js:27873:4)
      at async EnvironmentPluginContainer.transform (file:///D:/AI%20Documentation/frontend/node_modules/vite/dist/node/chunks/node.js:30387:14)
      at async loadAndTransform (file:///D:/AI%20Documentation/frontend/node_modules/vite/dist/node/chunks/node.js:24646:26)
[2m12:30:17 pm[22m [31m[1m[vite][22m[39m [31m[2m(client)[22m[39m Pre-transform error: Failed to resolve import "framer-motion" from "src/components/landing/Testimonials.jsx". Does the file exist?
  Plugin: [35mvite:import-analysis[39m
  File: [36mD:/AI Documentation/frontend/src/components/landing/Testimonials.jsx[39m:2:40
[33m  1  |  import { useState, useEffect, useCallback } from "react";
  2  |  import { motion, AnimatePresence } from "framer-motion";
     |                                           ^
  3  |  import { useReveal } from "../../hooks/useReveal";
  4  |  var _jsxFileName = "D:/AI Documentation/frontend/src/components/landing/Testimonials.jsx";[39m
[2m12:30:17 pm[22m [31m[1m[vite][22m[39m [31mInternal server error: Failed to resolve import "framer-motion" from "src/components/landing/Testimonials.jsx". Does the file exist?[39m
  Plugin: [35mvite:import-analysis[39m
  File: [36mD:/AI Documentation/frontend/src/components/landing/Testimonials.jsx[39m:2:40
[33m  1  |  import { useState, useEffect, useCallback } from "react";
  2  |  import { motion, AnimatePresence } from "framer-motion";
     |                                           ^
  3  |  import { useReveal } from "../../hooks/useReveal";
  4  |  var _jsxFileName = "D:/AI Documentation/frontend/src/components/landing/Testimonials.jsx";[39m
      at TransformPluginContext._formatLog (file:///D:/AI%20Documentation/frontend/node_modules/vite/dist/node/chunks/node.js:30602:39)
      at TransformPluginContext.error (file:///D:/AI%20Documentation/frontend/node_modules/vite/dist/node/chunks/node.js:30599:14)
      at normalizeUrl (file:///D:/AI%20Documentation/frontend/node_modules/vite/dist/node/chunks/node.js:27842:18)
      at async file:///D:/AI%20Documentation/frontend/node_modules/vite/dist/node/chunks/node.js:27905:30
      at async Promise.all (index 1)
      at async TransformPluginContext.transform (file:///D:/AI%20Documentation/frontend/node_modules/vite/dist/node/chunks/node.js:27873:4)
      at async EnvironmentPluginContainer.transform (file:///D:/AI%20Documentation/frontend/node_modules/vite/dist/node/chunks/node.js:30387:14)
      at async loadAndTransform (file:///D:/AI%20Documentation/frontend/node_modules/vite/dist/node/chunks/node.js:24646:26)
[2m12:30:17 pm[22m [31m[1m[vite][22m[39m [31m[2m(client)[22m[39m Pre-transform error: Failed to resolve import "framer-motion" from "src/components/landing/CTA.jsx". Does the file exist?
  Plugin: [35mvite:import-analysis[39m
  File: [36mD:/AI Documentation/frontend/src/components/landing/CTA.jsx[39m:1:58
[33m  1  |  import { motion, useMotionTemplate, useMotionValue } from "framer-motion";
     |                                                             ^
  2  |  import { FaArrowRight, FaCheckCircle } from "react-icons/fa";
  3  |  import { useRevealChildren } from "../../hooks/useReveal";[39m
[2m12:30:17 pm[22m [31m[1m[vite][22m[39m [31mInternal server error: Failed to resolve import "framer-motion" from "src/components/landing/CTA.jsx". Does the file exist?[39m
  Plugin: [35mvite:import-analysis[39m
  File: [36mD:/AI Documentation/frontend/src/components/landing/CTA.jsx[39m:1:58
[33m  1  |  import { motion, useMotionTemplate, useMotionValue } from "framer-motion";
     |                                                             ^
  2  |  import { FaArrowRight, FaCheckCircle } from "react-icons/fa";
  3  |  import { useRevealChildren } from "../../hooks/useReveal";[39m
      at TransformPluginContext._formatLog (file:///D:/AI%20Documentation/frontend/node_modules/vite/dist/node/chunks/node.js:30602:39)
      at TransformPluginContext.error (file:///D:/AI%20Documentation/frontend/node_modules/vite/dist/node/chunks/node.js:30599:14)
      at normalizeUrl (file:///D:/AI%20Documentation/frontend/node_modules/vite/dist/node/chunks/node.js:27842:18)
      at async file:///D:/AI%20Documentation/frontend/node_modules/vite/dist/node/chunks/node.js:27905:30
      at async Promise.all (index 0)
      at async TransformPluginContext.transform (file:///D:/AI%20Documentation/frontend/node_modules/vite/dist/node/chunks/node.js:27873:4)
      at async EnvironmentPluginContainer.transform (file:///D:/AI%20Documentation/frontend/node_modules/vite/dist/node/chunks/node.js:30387:14)
      at async loadAndTransform (file:///D:/AI%20Documentation/frontend/node_modules/vite/dist/node/chunks/node.js:24646:26)
[2m12:30:17 pm[22m [31m[1m[vite][22m[39m [31m[2m(client)[22m[39m Pre-transform error: Failed to resolve import "framer-motion" from "src/components/landing/Navbar.jsx". Does the file exist?
  Plugin: [35mvite:import-analysis[39m
  File: [36mD:/AI Documentation/frontend/src/components/landing/Navbar.jsx[39m:2:40
[33m  1  |  import { useState, useEffect } from "react";
  2  |  import { motion, AnimatePresence } from "framer-motion";
     |                                           ^
  3  |  var _jsxFileName = "D:/AI Documentation/frontend/src/components/landing/Navbar.jsx";
  4  |  import { jsxDEV as _jsxDEV } from "react/jsx-dev-runtime";[39m
[2m12:30:17 pm[22m [31m[1m[vite][22m[39m [31mInternal server error: Failed to resolve import "framer-motion" from "src/components/landing/Navbar.jsx". Does the file exist?[39m
  Plugin: [35mvite:import-analysis[39m
  File: [36mD:/AI Documentation/frontend/src/components/landing/Navbar.jsx[39m:2:40
[33m  1  |  import { useState, useEffect } from "react";
  2  |  import { motion, AnimatePresence } from "framer-motion";
     |                                           ^
  3  |  var _jsxFileName = "D:/AI Documentation/frontend/src/components/landing/Navbar.jsx";
  4  |  import { jsxDEV as _jsxDEV } from "react/jsx-dev-runtime";[39m
      at TransformPluginContext._formatLog (file:///D:/AI%20Documentation/frontend/node_modules/vite/dist/node/chunks/node.js:30602:39)
      at TransformPluginContext.error (file:///D:/AI%20Documentation/frontend/node_modules/vite/dist/node/chunks/node.js:30599:14)
      at normalizeUrl (file:///D:/AI%20Documentation/frontend/node_modules/vite/dist/node/chunks/node.js:27842:18)
      at async file:///D:/AI%20Documentation/frontend/node_modules/vite/dist/node/chunks/node.js:27905:30
      at async Promise.all (index 1)
      at async TransformPluginContext.transform (file:///D:/AI%20Documentation/frontend/node_modules/vite/dist/node/chunks/node.js:27873:4)
      at async EnvironmentPluginContainer.transform (file:///D:/AI%20Documentation/frontend/node_modules/vite/dist/node/chunks/node.js:30387:14)
      at async loadAndTransform (file:///D:/AI%20Documentation/frontend/node_modules/vite/dist/node/chunks/node.js:24646:26)
[2m12:30:17 pm[22m [31m[1m[vite][22m[39m [31m[2m(client)[22m[39m Pre-transform error: Failed to resolve import "framer-motion" from "src/components/landing/Testimonials.jsx". Does the file exist?
  Plugin: [35mvite:import-analysis[39m
  File: [36mD:/AI Documentation/frontend/src/components/landing/Testimonials.jsx[39m:2:40
[33m  1  |  import { useState, useEffect, useCallback } from "react";
  2  |  import { motion, AnimatePresence } from "framer-motion";
     |                                           ^
  3  |  import { useReveal } from "../../hooks/useReveal";
  4  |  var _jsxFileName = "D:/AI Documentation/frontend/src/components/landing/Testimonials.jsx";[39m
[2m12:30:17 pm[22m [31m[1m[vite][22m[39m [31mInternal server error: Failed to resolve import "framer-motion" from "src/components/landing/Testimonials.jsx". Does the file exist?[39m
  Plugin: [35mvite:import-analysis[39m
  File: [36mD:/AI Documentation/frontend/src/components/landing/Testimonials.jsx[39m:2:40
[33m  1  |  import { useState, useEffect, useCallback } from "react";
  2  |  import { motion, AnimatePresence } from "framer-motion";
     |                                           ^
  3  |  import { useReveal } from "../../hooks/useReveal";
  4  |  var _jsxFileName = "D:/AI Documentation/frontend/src/components/landing/Testimonials.jsx";[39m
      at TransformPluginContext._formatLog (file:///D:/AI%20Documentation/frontend/node_modules/vite/dist/node/chunks/node.js:30602:39)
      at TransformPluginContext.error (file:///D:/AI%20Documentation/frontend/node_modules/vite/dist/node/chunks/node.js:30599:14)
      at normalizeUrl (file:///D:/AI%20Documentation/frontend/node_modules/vite/dist/node/chunks/node.js:27842:18)
      at async file:///D:/AI%20Documentation/frontend/node_modules/vite/dist/node/chunks/node.js:27905:30
      at async Promise.all (index 1)
      at async TransformPluginContext.transform (file:///D:/AI%20Documentation/frontend/node_modules/vite/dist/node/chunks/node.js:27873:4)
      at async EnvironmentPluginContainer.transform (file:///D:/AI%20Documentation/frontend/node_modules/vite/dist/node/chunks/node.js:30387:14)
      at async loadAndTransform (file:///D:/AI%20Documentation/frontend/node_modules/vite/dist/node/chunks/node.js:24646:26)
[2m12:30:17 pm[22m [31m[1m[vite][22m[39m [31m[2m(client)[22m[39m Pre-transform error: Failed to resolve import "framer-motion" from "src/components/landing/CTA.jsx". Does the file exist?
  Plugin: [35mvite:import-analysis[39m
  File: [36mD:/AI Documentation/frontend/src/components/landing/CTA.jsx[39m:1:58
[33m  1  |  import { motion, useMotionTemplate, useMotionValue } from "framer-motion";
     |                                                             ^
  2  |  import { FaArrowRight, FaCheckCircle } from "react-icons/fa";
  3  |  import { useRevealChildren } from "../../hooks/useReveal";[39m
[2m12:30:17 pm[22m [31m[1m[vite][22m[39m [31mInternal server error: Failed to resolve import "framer-motion" from "src/components/landing/CTA.jsx". Does the file exist?[39m
  Plugin: [35mvite:import-analysis[39m
  File: [36mD:/AI Documentation/frontend/src/components/landing/CTA.jsx[39m:1:58
[33m  1  |  import { motion, useMotionTemplate, useMotionValue } from "framer-motion";
     |                                                             ^
  2  |  import { FaArrowRight, FaCheckCircle } from "react-icons/fa";
  3  |  import { useRevealChildren } from "../../hooks/useReveal";[39m
      at TransformPluginContext._formatLog (file:///D:/AI%20Documentation/frontend/node_modules/vite/dist/node/chunks/node.js:30602:39)
      at TransformPluginContext.error (file:///D:/AI%20Documentation/frontend/node_modules/vite/dist/node/chunks/node.js:30599:14)
      at normalizeUrl (file:///D:/AI%20Documentation/frontend/node_modules/vite/dist/node/chunks/node.js:27842:18)
      at async file:///D:/AI%20Documentation/frontend/node_modules/vite/dist/node/chunks/node.js:27905:30
      at async Promise.all (index 0)
      at async TransformPluginContext.transform (file:///D:/AI%20Documentation/frontend/node_modules/vite/dist/node/chunks/node.js:27873:4)
      at async EnvironmentPluginContainer.transform (file:///D:/AI%20Documentation/frontend/node_modules/vite/dist/node/chunks/node.js:30387:14)
      at async loadAndTransform (file:///D:/AI%20Documentation/frontend/node_modules/vite/dist/node/chunks/node.js:24646:26)
[2m12:30:17 pm[22m [31m[1m[vite][22m[39m [31m[2m(client)[22m[39m Pre-transform error: Failed to resolve import "framer-motion" from "src/components/landing/Navbar.jsx". Does the file exist?
  Plugin: [35mvite:import-analysis[39m
  File: [36mD:/AI Documentation/frontend/src/components/landing/Navbar.jsx[39m:2:40
[33m  1  |  import { useState, useEffect } from "react";
  2  |  import { motion, AnimatePresence } from "framer-motion";
     |                                           ^
  3  |  var _jsxFileName = "D:/AI Documentation/frontend/src/components/landing/Navbar.jsx";
  4  |  import { jsxDEV as _jsxDEV } from "react/jsx-dev-runtime";[39m
[2m12:30:17 pm[22m [31m[1m[vite][22m[39m [31mInternal server error: Failed to resolve import "framer-motion" from "src/components/landing/Navbar.jsx". Does the file exist?[39m
  Plugin: [35mvite:import-analysis[39m
  File: [36mD:/AI Documentation/frontend/src/components/landing/Navbar.jsx[39m:2:40
[33m  1  |  import { useState, useEffect } from "react";
  2  |  import { motion, AnimatePresence } from "framer-motion";
     |                                           ^
  3  |  var _jsxFileName = "D:/AI Documentation/frontend/src/components/landing/Navbar.jsx";
  4  |  import { jsxDEV as _jsxDEV } from "react/jsx-dev-runtime";[39m
      at TransformPluginContext._formatLog (file:///D:/AI%20Documentation/frontend/node_modules/vite/dist/node/chunks/node.js:30602:39)
      at TransformPluginContext.error (file:///D:/AI%20Documentation/frontend/node_modules/vite/dist/node/chunks/node.js:30599:14)
      at normalizeUrl (file:///D:/AI%20Documentation/frontend/node_modules/vite/dist/node/chunks/node.js:27842:18)
      at async file:///D:/AI%20Documentation/frontend/node_modules/vite/dist/node/chunks/node.js:27905:30
      at async Promise.all (index 1)
      at async TransformPluginContext.transform (file:///D:/AI%20Documentation/frontend/node_modules/vite/dist/node/chunks/node.js:27873:4)
      at async EnvironmentPluginContainer.transform (file:///D:/AI%20Documentation/frontend/node_modules/vite/dist/node/chunks/node.js:30387:14)
      at async loadAndTransform (file:///D:/AI%20Documentation/frontend/node_modules/vite/dist/node/chunks/node.js:24646:26)
[2m12:30:17 pm[22m [31m[1m[vite][22m[39m [31m[2m(client)[22m[39m Pre-transform error: Failed to resolve import "framer-motion" from "src/components/landing/Testimonials.jsx". Does the file exist?
  Plugin: [35mvite:import-analysis[39m
  File: [36mD:/AI Documentation/frontend/src/components/landing/Testimonials.jsx[39m:2:40
[33m  1  |  import { useState, useEffect, useCallback } from "react";
  2  |  import { motion, AnimatePresence } from "framer-motion";
     |                                           ^
  3  |  import { useReveal } from "../../hooks/useReveal";
  4  |  var _jsxFileName = "D:/AI Documentation/frontend/src/components/landing/Testimonials.jsx";[39m
[2m12:30:17 pm[22m [31m[1m[vite][22m[39m [31mInternal server error: Failed to resolve import "framer-motion" from "src/components/landing/Testimonials.jsx". Does the file exist?[39m
  Plugin: [35mvite:import-analysis[39m
  File: [36mD:/AI Documentation/frontend/src/components/landing/Testimonials.jsx[39m:2:40
[33m  1  |  import { useState, useEffect, useCallback } from "react";
  2  |  import { motion, AnimatePresence } from "framer-motion";
     |                                           ^
  3  |  import { useReveal } from "../../hooks/useReveal";
  4  |  var _jsxFileName = "D:/AI Documentation/frontend/src/components/landing/Testimonials.jsx";[39m
      at TransformPluginContext._formatLog (file:///D:/AI%20Documentation/frontend/node_modules/vite/dist/node/chunks/node.js:30602:39)
      at TransformPluginContext.error (file:///D:/AI%20Documentation/frontend/node_modules/vite/dist/node/chunks/node.js:30599:14)
      at normalizeUrl (file:///D:/AI%20Documentation/frontend/node_modules/vite/dist/node/chunks/node.js:27842:18)
      at async file:///D:/AI%20Documentation/frontend/node_modules/vite/dist/node/chunks/node.js:27905:30
      at async Promise.all (index 1)
      at async TransformPluginContext.transform (file:///D:/AI%20Documentation/frontend/node_modules/vite/dist/node/chunks/node.js:27873:4)
      at async EnvironmentPluginContainer.transform (file:///D:/AI%20Documentation/frontend/node_modules/vite/dist/node/chunks/node.js:30387:14)
      at async loadAndTransform (file:///D:/AI%20Documentation/frontend/node_modules/vite/dist/node/chunks/node.js:24646:26)
[2m12:30:17 pm[22m [31m[1m[vite][22m[39m [31m[2m(client)[22m[39m Pre-transform error: Failed to resolve import "framer-motion" from "src/components/landing/CTA.jsx". Does the file exist?
  Plugin: [35mvite:import-analysis[39m
  File: [36mD:/AI Documentation/frontend/src/components/landing/CTA.jsx[39m:1:58
[33m  1  |  import { motion, useMotionTemplate, useMotionValue } from "framer-motion";
     |                                                             ^
  2  |  import { FaArrowRight, FaCheckCircle } from "react-icons/fa";
  3  |  import { useRevealChildren } from "../../hooks/useReveal";[39m
[2m12:30:17 pm[22m [31m[1m[vite][22m[39m [31mInternal server error: Failed to resolve import "framer-motion" from "src/components/landing/CTA.jsx". Does the file exist?[39m
  Plugin: [35mvite:import-analysis[39m
  File: [36mD:/AI Documentation/frontend/src/components/landing/CTA.jsx[39m:1:58
[33m  1  |  import { motion, useMotionTemplate, useMotionValue } from "framer-motion";
     |                                                             ^
  2  |  import { FaArrowRight, FaCheckCircle } from "react-icons/fa";
  3  |  import { useRevealChildren } from "../../hooks/useReveal";[39m
      at TransformPluginContext._formatLog (file:///D:/AI%20Documentation/frontend/node_modules/vite/dist/node/chunks/node.js:30602:39)
      at TransformPluginContext.error (file:///D:/AI%20Documentation/frontend/node_modules/vite/dist/node/chunks/node.js:30599:14)
      at normalizeUrl (file:///D:/AI%20Documentation/frontend/node_modules/vite/dist/node/chunks/node.js:27842:18)
      at async file:///D:/AI%20Documentation/frontend/node_modules/vite/dist/node/chunks/node.js:27905:30
      at async Promise.all (index 0)
      at async TransformPluginContext.transform (file:///D:/AI%20Documentation/frontend/node_modules/vite/dist/node/chunks/node.js:27873:4)
      at async EnvironmentPluginContainer.transform (file:///D:/AI%20Documentation/frontend/node_modules/vite/dist/node/chunks/node.js:30387:14)
      at async loadAndTransform (file:///D:/AI%20Documentation/frontend/node_modules/vite/dist/node/chunks/node.js:24646:26)
[2m12:30:17 pm[22m [31m[1m[vite][22m[39m [31m[2m(client)[22m[39m Pre-transform error: Failed to resolve import "framer-motion" from "src/components/landing/Navbar.jsx". Does the file exist?
  Plugin: [35mvite:import-analysis[39m
  File: [36mD:/AI Documentation/frontend/src/components/landing/Navbar.jsx[39m:2:40
[33m  1  |  import { useState, useEffect } from "react";
  2  |  import { motion, AnimatePresence } from "framer-motion";
     |                                           ^
  3  |  var _jsxFileName = "D:/AI Documentation/frontend/src/components/landing/Navbar.jsx";
  4  |  import { jsxDEV as _jsxDEV } from "react/jsx-dev-runtime";[39m
[2m12:30:17 pm[22m [31m[1m[vite][22m[39m [31mInternal server error: Failed to resolve import "framer-motion" from "src/components/landing/Navbar.jsx". Does the file exist?[39m
  Plugin: [35mvite:import-analysis[39m
  File: [36mD:/AI Documentation/frontend/src/components/landing/Navbar.jsx[39m:2:40
[33m  1  |  import { useState, useEffect } from "react";
  2  |  import { motion, AnimatePresence } from "framer-motion";
     |                                           ^
  3  |  var _jsxFileName = "D:/AI Documentation/frontend/src/components/landing/Navbar.jsx";
  4  |  import { jsxDEV as _jsxDEV } from "react/jsx-dev-runtime";[39m
      at TransformPluginContext._formatLog (file:///D:/AI%20Documentation/frontend/node_modules/vite/dist/node/chunks/node.js:30602:39)
      at TransformPluginContext.error (file:///D:/AI%20Documentation/frontend/node_modules/vite/dist/node/chunks/node.js:30599:14)
      at normalizeUrl (file:///D:/AI%20Documentation/frontend/node_modules/vite/dist/node/chunks/node.js:27842:18)
      at async file:///D:/AI%20Documentation/frontend/node_modules/vite/dist/node/chunks/node.js:27905:30
      at async Promise.all (index 1)
      at async TransformPluginContext.transform (file:///D:/AI%20Documentation/frontend/node_modules/vite/dist/node/chunks/node.js:27873:4)
      at async EnvironmentPluginContainer.transform (file:///D:/AI%20Documentation/frontend/node_modules/vite/dist/node/chunks/node.js:30387:14)
      at async loadAndTransform (file:///D:/AI%20Documentation/frontend/node_modules/vite/dist/node/chunks/node.js:24646:26)
[2m12:30:17 pm[22m [31m[1m[vite][22m[39m [31m[2m(client)[22m[39m Pre-transform error: Failed to resolve import "framer-motion" from "src/components/landing/Testimonials.jsx". Does the file exist?
  Plugin: [35mvite:import-analysis[39m
  File: [36mD:/AI Documentation/frontend/src/components/landing/Testimonials.jsx[39m:2:40
[33m  1  |  import { useState, useEffect, useCallback } from "react";
  2  |  import { motion, AnimatePresence } from "framer-motion";
     |                                           ^
  3  |  import { useReveal } from "../../hooks/useReveal";
  4  |  var _jsxFileName = "D:/AI Documentation/frontend/src/components/landing/Testimonials.jsx";[39m
[2m12:30:17 pm[22m [31m[1m[vite][22m[39m [31mInternal server error: Failed to resolve import "framer-motion" from "src/components/landing/Testimonials.jsx". Does the file exist?[39m
  Plugin: [35mvite:import-analysis[39m
  File: [36mD:/AI Documentation/frontend/src/components/landing/Testimonials.jsx[39m:2:40
[33m  1  |  import { useState, useEffect, useCallback } from "react";
  2  |  import { motion, AnimatePresence } from "framer-motion";
     |                                           ^
  3  |  import { useReveal } from "../../hooks/useReveal";
  4  |  var _jsxFileName = "D:/AI Documentation/frontend/src/components/landing/Testimonials.jsx";[39m
      at TransformPluginContext._formatLog (file:///D:/AI%20Documentation/frontend/node_modules/vite/dist/node/chunks/node.js:30602:39)
      at TransformPluginContext.error (file:///D:/AI%20Documentation/frontend/node_modules/vite/dist/node/chunks/node.js:30599:14)
      at normalizeUrl (file:///D:/AI%20Documentation/frontend/node_modules/vite/dist/node/chunks/node.js:27842:18)
      at async file:///D:/AI%20Documentation/frontend/node_modules/vite/dist/node/chunks/node.js:27905:30
      at async Promise.all (index 1)
      at async TransformPluginContext.transform (file:///D:/AI%20Documentation/frontend/node_modules/vite/dist/node/chunks/node.js:27873:4)
      at async EnvironmentPluginContainer.transform (file:///D:/AI%20Documentation/frontend/node_modules/vite/dist/node/chunks/node.js:30387:14)
      at async loadAndTransform (file:///D:/AI%20Documentation/frontend/node_modules/vite/dist/node/chunks/node.js:24646:26)
[2m12:30:17 pm[22m [31m[1m[vite][22m[39m [31m[2m(client)[22m[39m Pre-transform error: Failed to resolve import "framer-motion" from "src/components/landing/CTA.jsx". Does the file exist?
  Plugin: [35mvite:import-analysis[39m
  File: [36mD:/AI Documentation/frontend/src/components/landing/CTA.jsx[39m:1:58
[33m  1  |  import { motion, useMotionTemplate, useMotionValue } from "framer-motion";
     |                                                             ^
  2  |  import { FaArrowRight, FaCheckCircle } from "react-icons/fa";
  3  |  import { useRevealChildren } from "../../hooks/useReveal";[39m
[2m12:30:17 pm[22m [31m[1m[vite][22m[39m [31mInternal server error: Failed to resolve import "framer-motion" from "src/components/landing/CTA.jsx". Does the file exist?[39m
  Plugin: [35mvite:import-analysis[39m
  File: [36mD:/AI Documentation/frontend/src/components/landing/CTA.jsx[39m:1:58
[33m  1  |  import { motion, useMotionTemplate, useMotionValue } from "framer-motion";
     |                                                             ^
  2  |  import { FaArrowRight, FaCheckCircle } from "react-icons/fa";
  3  |  import { useRevealChildren } from "../../hooks/useReveal";[39m
      at TransformPluginContext._formatLog (file:///D:/AI%20Documentation/frontend/node_modules/vite/dist/node/chunks/node.js:30602:39)
      at TransformPluginContext.error (file:///D:/AI%20Documentation/frontend/node_modules/vite/dist/node/chunks/node.js:30599:14)
      at normalizeUrl (file:///D:/AI%20Documentation/frontend/node_modules/vite/dist/node/chunks/node.js:27842:18)
      at async file:///D:/AI%20Documentation/frontend/node_modules/vite/dist/node/chunks/node.js:27905:30
      at async Promise.all (index 0)
      at async TransformPluginContext.transform (file:///D:/AI%20Documentation/frontend/node_modules/vite/dist/node/chunks/node.js:27873:4)
      at async EnvironmentPluginContainer.transform (file:///D:/AI%20Documentation/frontend/node_modules/vite/dist/node/chunks/node.js:30387:14)
      at async loadAndTransform (file:///D:/AI%20Documentation/frontend/node_modules/vite/dist/node/chunks/node.js:24646:26)
[2m12:30:31 pm[22m [31m[1m[vite][22m[39m [31m[2m(client)[22m[39m Pre-transform error: Failed to resolve import "framer-motion" from "src/components/landing/Navbar.jsx". Does the file exist?
  Plugin: [35mvite:import-analysis[39m
  File: [36mD:/AI Documentation/frontend/src/components/landing/Navbar.jsx[39m:2:40
[33m  1  |  import { useState, useEffect } from "react";
  2  |  import { motion, AnimatePresence } from "framer-motion";
     |                                           ^
  3  |  var _jsxFileName = "D:/AI Documentation/frontend/src/components/landing/Navbar.jsx";
  4  |  import { jsxDEV as _jsxDEV } from "react/jsx-dev-runtime";[39m
[2m12:30:31 pm[22m [31m[1m[vite][22m[39m [31mInternal server error: Failed to resolve import "framer-motion" from "src/components/landing/Navbar.jsx". Does the file exist?[39m
  Plugin: [35mvite:import-analysis[39m
  File: [36mD:/AI Documentation/frontend/src/components/landing/Navbar.jsx[39m:2:40
[33m  1  |  import { useState, useEffect } from "react";
  2  |  import { motion, AnimatePresence } from "framer-motion";
     |                                           ^
  3  |  var _jsxFileName = "D:/AI Documentation/frontend/src/components/landing/Navbar.jsx";
  4  |  import { jsxDEV as _jsxDEV } from "react/jsx-dev-runtime";[39m
      at TransformPluginContext._formatLog (file:///D:/AI%20Documentation/frontend/node_modules/vite/dist/node/chunks/node.js:30602:39)
      at TransformPluginContext.error (file:///D:/AI%20Documentation/frontend/node_modules/vite/dist/node/chunks/node.js:30599:14)
      at normalizeUrl (file:///D:/AI%20Documentation/frontend/node_modules/vite/dist/node/chunks/node.js:27842:18)
      at async file:///D:/AI%20Documentation/frontend/node_modules/vite/dist/node/chunks/node.js:27905:30
      at async Promise.all (index 1)
      at async TransformPluginContext.transform (file:///D:/AI%20Documentation/frontend/node_modules/vite/dist/node/chunks/node.js:27873:4)
      at async EnvironmentPluginContainer.transform (file:///D:/AI%20Documentation/frontend/node_modules/vite/dist/node/chunks/node.js:30387:14)
      at async loadAndTransform (file:///D:/AI%20Documentation/frontend/node_modules/vite/dist/node/chunks/node.js:24646:26)
[2m12:30:31 pm[22m [31m[1m[vite][22m[39m [31m[2m(client)[22m[39m Pre-transform error: Failed to resolve import "framer-motion" from "src/components/landing/Testimonials.jsx". Does the file exist?
  Plugin: [35mvite:import-analysis[39m
  File: [36mD:/AI Documentation/frontend/src/components/landing/Testimonials.jsx[39m:2:40
[33m  1  |  import { useState, useEffect, useCallback } from "react";
  2  |  import { motion, AnimatePresence } from "framer-motion";
     |                                           ^
  3  |  import { useReveal } from "../../hooks/useReveal";
  4  |  var _jsxFileName = "D:/AI Documentation/frontend/src/components/landing/Testimonials.jsx";[39m
[2m12:30:31 pm[22m [31m[1m[vite][22m[39m [31mInternal server error: Failed to resolve import "framer-motion" from "src/components/landing/Testimonials.jsx". Does the file exist?[39m
  Plugin: [35mvite:import-analysis[39m
  File: [36mD:/AI Documentation/frontend/src/components/landing/Testimonials.jsx[39m:2:40
[33m  1  |  import { useState, useEffect, useCallback } from "react";
  2  |  import { motion, AnimatePresence } from "framer-motion";
     |                                           ^
  3  |  import { useReveal } from "../../hooks/useReveal";
  4  |  var _jsxFileName = "D:/AI Documentation/frontend/src/components/landing/Testimonials.jsx";[39m
      at TransformPluginContext._formatLog (file:///D:/AI%20Documentation/frontend/node_modules/vite/dist/node/chunks/node.js:30602:39)
      at TransformPluginContext.error (file:///D:/AI%20Documentation/frontend/node_modules/vite/dist/node/chunks/node.js:30599:14)
      at normalizeUrl (file:///D:/AI%20Documentation/frontend/node_modules/vite/dist/node/chunks/node.js:27842:18)
      at async file:///D:/AI%20Documentation/frontend/node_modules/vite/dist/node/chunks/node.js:27905:30
      at async Promise.all (index 1)
      at async TransformPluginContext.transform (file:///D:/AI%20Documentation/frontend/node_modules/vite/dist/node/chunks/node.js:27873:4)
      at async EnvironmentPluginContainer.transform (file:///D:/AI%20Documentation/frontend/node_modules/vite/dist/node/chunks/node.js:30387:14)
      at async loadAndTransform (file:///D:/AI%20Documentation/frontend/node_modules/vite/dist/node/chunks/node.js:24646:26)
[2m12:30:31 pm[22m [31m[1m[vite][22m[39m [31m[2m(client)[22m[39m Pre-transform error: Failed to resolve import "framer-motion" from "src/components/landing/CTA.jsx". Does the file exist?
  Plugin: [35mvite:import-analysis[39m
  File: [36mD:/AI Documentation/frontend/src/components/landing/CTA.jsx[39m:1:58
[33m  1  |  import { motion, useMotionTemplate, useMotionValue } from "framer-motion";
     |                                                             ^
  2  |  import { FaArrowRight, FaCheckCircle } from "react-icons/fa";
  3  |  import { useRevealChildren } from "../../hooks/useReveal";[39m
[2m12:30:31 pm[22m [31m[1m[vite][22m[39m [31mInternal server error: Failed to resolve import "framer-motion" from "src/components/landing/CTA.jsx". Does the file exist?[39m
  Plugin: [35mvite:import-analysis[39m
  File: [36mD:/AI Documentation/frontend/src/components/landing/CTA.jsx[39m:1:58
[33m  1  |  import { motion, useMotionTemplate, useMotionValue } from "framer-motion";
     |                                                             ^
  2  |  import { FaArrowRight, FaCheckCircle } from "react-icons/fa";
  3  |  import { useRevealChildren } from "../../hooks/useReveal";[39m
      at TransformPluginContext._formatLog (file:///D:/AI%20Documentation/frontend/node_modules/vite/dist/node/chunks/node.js:30602:39)
      at TransformPluginContext.error (file:///D:/AI%20Documentation/frontend/node_modules/vite/dist/node/chunks/node.js:30599:14)
      at normalizeUrl (file:///D:/AI%20Documentation/frontend/node_modules/vite/dist/node/chunks/node.js:27842:18)
      at async file:///D:/AI%20Documentation/frontend/node_modules/vite/dist/node/chunks/node.js:27905:30
      at async Promise.all (index 0)
      at async TransformPluginContext.transform (file:///D:/AI%20Documentation/frontend/node_modules/vite/dist/node/chunks/node.js:27873:4)
      at async EnvironmentPluginContainer.transform (file:///D:/AI%20Documentation/frontend/node_modules/vite/dist/node/chunks/node.js:30387:14)
      at async loadAndTransform (file:///D:/AI%20Documentation/frontend/node_modules/vite/dist/node/chunks/node.js:24646:26)
[2m12:30:33 pm[22m [31m[1m[vite][22m[39m [31m[2m(client)[22m[39m Pre-transform error: Failed to resolve import "framer-motion" from "src/components/landing/Navbar.jsx". Does the file exist?
  Plugin: [35mvite:import-analysis[39m
  File: [36mD:/AI Documentation/frontend/src/components/landing/Navbar.jsx[39m:2:40
[33m  1  |  import { useState, useEffect } from "react";
  2  |  import { motion, AnimatePresence } from "framer-motion";
     |                                           ^
  3  |  var _jsxFileName = "D:/AI Documentation/frontend/src/components/landing/Navbar.jsx";
  4  |  import { jsxDEV as _jsxDEV } from "react/jsx-dev-runtime";[39m
[2m12:30:33 pm[22m [31m[1m[vite][22m[39m [31mInternal server error: Failed to resolve import "framer-motion" from "src/components/landing/Navbar.jsx". Does the file exist?[39m
  Plugin: [35mvite:import-analysis[39m
  File: [36mD:/AI Documentation/frontend/src/components/landing/Navbar.jsx[39m:2:40
[33m  1  |  import { useState, useEffect } from "react";
  2  |  import { motion, AnimatePresence } from "framer-motion";
     |                                           ^
  3  |  var _jsxFileName = "D:/AI Documentation/frontend/src/components/landing/Navbar.jsx";
  4  |  import { jsxDEV as _jsxDEV } from "react/jsx-dev-runtime";[39m
      at TransformPluginContext._formatLog (file:///D:/AI%20Documentation/frontend/node_modules/vite/dist/node/chunks/node.js:30602:39)
      at TransformPluginContext.error (file:///D:/AI%20Documentation/frontend/node_modules/vite/dist/node/chunks/node.js:30599:14)
      at normalizeUrl (file:///D:/AI%20Documentation/frontend/node_modules/vite/dist/node/chunks/node.js:27842:18)
      at async file:///D:/AI%20Documentation/frontend/node_modules/vite/dist/node/chunks/node.js:27905:30
      at async Promise.all (index 1)
      at async TransformPluginContext.transform (file:///D:/AI%20Documentation/frontend/node_modules/vite/dist/node/chunks/node.js:27873:4)
      at async EnvironmentPluginContainer.transform (file:///D:/AI%20Documentation/frontend/node_modules/vite/dist/node/chunks/node.js:30387:14)
      at async loadAndTransform (file:///D:/AI%20Documentation/frontend/node_modules/vite/dist/node/chunks/node.js:24646:26)
[2m12:30:33 pm[22m [31m[1m[vite][22m[39m [31m[2m(client)[22m[39m Pre-transform error: Failed to resolve import "framer-motion" from "src/components/landing/Testimonials.jsx". Does the file exist?
  Plugin: [35mvite:import-analysis[39m
  File: [36mD:/AI Documentation/frontend/src/components/landing/Testimonials.jsx[39m:2:40
[33m  1  |  import { useState, useEffect, useCallback } from "react";
  2  |  import { motion, AnimatePresence } from "framer-motion";
     |                                           ^
  3  |  import { useReveal } from "../../hooks/useReveal";
  4  |  var _jsxFileName = "D:/AI Documentation/frontend/src/components/landing/Testimonials.jsx";[39m
[2m12:30:33 pm[22m [31m[1m[vite][22m[39m [31mInternal server error: Failed to resolve import "framer-motion" from "src/components/landing/Testimonials.jsx". Does the file exist?[39m
  Plugin: [35mvite:import-analysis[39m
  File: [36mD:/AI Documentation/frontend/src/components/landing/Testimonials.jsx[39m:2:40
[33m  1  |  import { useState, useEffect, useCallback } from "react";
  2  |  import { motion, AnimatePresence } from "framer-motion";
     |                                           ^
  3  |  import { useReveal } from "../../hooks/useReveal";
  4  |  var _jsxFileName = "D:/AI Documentation/frontend/src/components/landing/Testimonials.jsx";[39m
      at TransformPluginContext._formatLog (file:///D:/AI%20Documentation/frontend/node_modules/vite/dist/node/chunks/node.js:30602:39)
      at TransformPluginContext.error (file:///D:/AI%20Documentation/frontend/node_modules/vite/dist/node/chunks/node.js:30599:14)
      at normalizeUrl (file:///D:/AI%20Documentation/frontend/node_modules/vite/dist/node/chunks/node.js:27842:18)
      at async file:///D:/AI%20Documentation/frontend/node_modules/vite/dist/node/chunks/node.js:27905:30
      at async Promise.all (index 1)
      at async TransformPluginContext.transform (file:///D:/AI%20Documentation/frontend/node_modules/vite/dist/node/chunks/node.js:27873:4)
      at async EnvironmentPluginContainer.transform (file:///D:/AI%20Documentation/frontend/node_modules/vite/dist/node/chunks/node.js:30387:14)
      at async loadAndTransform (file:///D:/AI%20Documentation/frontend/node_modules/vite/dist/node/chunks/node.js:24646:26)
[2m12:30:33 pm[22m [31m[1m[vite][22m[39m [31m[2m(client)[22m[39m Pre-transform error: Failed to resolve import "framer-motion" from "src/components/landing/CTA.jsx". Does the file exist?
  Plugin: [35mvite:import-analysis[39m
  File: [36mD:/AI Documentation/frontend/src/components/landing/CTA.jsx[39m:1:58
[33m  1  |  import { motion, useMotionTemplate, useMotionValue } from "framer-motion";
     |                                                             ^
  2  |  import { FaArrowRight, FaCheckCircle } from "react-icons/fa";
  3  |  import { useRevealChildren } from "../../hooks/useReveal";[39m
[2m12:30:33 pm[22m [31m[1m[vite][22m[39m [31mInternal server error: Failed to resolve import "framer-motion" from "src/components/landing/CTA.jsx". Does the file exist?[39m
  Plugin: [35mvite:import-analysis[39m
  File: [36mD:/AI Documentation/frontend/src/components/landing/CTA.jsx[39m:1:58
[33m  1  |  import { motion, useMotionTemplate, useMotionValue } from "framer-motion";
     |                                                             ^
  2  |  import { FaArrowRight, FaCheckCircle } from "react-icons/fa";
  3  |  import { useRevealChildren } from "../../hooks/useReveal";[39m
      at TransformPluginContext._formatLog (file:///D:/AI%20Documentation/frontend/node_modules/vite/dist/node/chunks/node.js:30602:39)
      at TransformPluginContext.error (file:///D:/AI%20Documentation/frontend/node_modules/vite/dist/node/chunks/node.js:30599:14)
      at normalizeUrl (file:///D:/AI%20Documentation/frontend/node_modules/vite/dist/node/chunks/node.js:27842:18)
      at async file:///D:/AI%20Documentation/frontend/node_modules/vite/dist/node/chunks/node.js:27905:30
      at async Promise.all (index 0)
      at async TransformPluginContext.transform (file:///D:/AI%20Documentation/frontend/node_modules/vite/dist/node/chunks/node.js:27873:4)
      at async EnvironmentPluginContainer.transform (file:///D:/AI%20Documentation/frontend/node_modules/vite/dist/node/chunks/node.js:30387:14)
      at async loadAndTransform (file:///D:/AI%20Documentation/frontend/node_modules/vite/dist/node/chunks/node.js:24646:26)
[2m12:30:33 pm[22m [31m[1m[vite][22m[39m [31m[2m(client)[22m[39m Pre-transform error: Failed to resolve import "framer-motion" from "src/components/landing/Navbar.jsx". Does the file exist?
  Plugin: [35mvite:import-analysis[39m
  File: [36mD:/AI Documentation/frontend/src/components/landing/Navbar.jsx[39m:2:40
[33m  1  |  import { useState, useEffect } from "react";
  2  |  import { motion, AnimatePresence } from "framer-motion";
     |                                           ^
  3  |  var _jsxFileName = "D:/AI Documentation/frontend/src/components/landing/Navbar.jsx";
  4  |  import { jsxDEV as _jsxDEV } from "react/jsx-dev-runtime";[39m
[2m12:30:33 pm[22m [31m[1m[vite][22m[39m [31mInternal server error: Failed to resolve import "framer-motion" from "src/components/landing/Navbar.jsx". Does the file exist?[39m
  Plugin: [35mvite:import-analysis[39m
  File: [36mD:/AI Documentation/frontend/src/components/landing/Navbar.jsx[39m:2:40
[33m  1  |  import { useState, useEffect } from "react";
  2  |  import { motion, AnimatePresence } from "framer-motion";
     |                                           ^
  3  |  var _jsxFileName = "D:/AI Documentation/frontend/src/components/landing/Navbar.jsx";
  4  |  import { jsxDEV as _jsxDEV } from "react/jsx-dev-runtime";[39m
      at TransformPluginContext._formatLog (file:///D:/AI%20Documentation/frontend/node_modules/vite/dist/node/chunks/node.js:30602:39)
      at TransformPluginContext.error (file:///D:/AI%20Documentation/frontend/node_modules/vite/dist/node/chunks/node.js:30599:14)
      at normalizeUrl (file:///D:/AI%20Documentation/frontend/node_modules/vite/dist/node/chunks/node.js:27842:18)
      at async file:///D:/AI%20Documentation/frontend/node_modules/vite/dist/node/chunks/node.js:27905:30
      at async Promise.all (index 1)
      at async TransformPluginContext.transform (file:///D:/AI%20Documentation/frontend/node_modules/vite/dist/node/chunks/node.js:27873:4)
      at async EnvironmentPluginContainer.transform (file:///D:/AI%20Documentation/frontend/node_modules/vite/dist/node/chunks/node.js:30387:14)
      at async loadAndTransform (file:///D:/AI%20Documentation/frontend/node_modules/vite/dist/node/chunks/node.js:24646:26)
[2m12:30:33 pm[22m [31m[1m[vite][22m[39m [31m[2m(client)[22m[39m Pre-transform error: Failed to resolve import "framer-motion" from "src/components/landing/Testimonials.jsx". Does the file exist?
  Plugin: [35mvite:import-analysis[39m
  File: [36mD:/AI Documentation/frontend/src/components/landing/Testimonials.jsx[39m:2:40
[33m  1  |  import { useState, useEffect, useCallback } from "react";
  2  |  import { motion, AnimatePresence } from "framer-motion";
     |                                           ^
  3  |  import { useReveal } from "../../hooks/useReveal";
  4  |  var _jsxFileName = "D:/AI Documentation/frontend/src/components/landing/Testimonials.jsx";[39m
[2m12:30:33 pm[22m [31m[1m[vite][22m[39m [31mInternal server error: Failed to resolve import "framer-motion" from "src/components/landing/Testimonials.jsx". Does the file exist?[39m
  Plugin: [35mvite:import-analysis[39m
  File: [36mD:/AI Documentation/frontend/src/components/landing/Testimonials.jsx[39m:2:40
[33m  1  |  import { useState, useEffect, useCallback } from "react";
  2  |  import { motion, AnimatePresence } from "framer-motion";
     |                                           ^
  3  |  import { useReveal } from "../../hooks/useReveal";
  4  |  var _jsxFileName = "D:/AI Documentation/frontend/src/components/landing/Testimonials.jsx";[39m
      at TransformPluginContext._formatLog (file:///D:/AI%20Documentation/frontend/node_modules/vite/dist/node/chunks/node.js:30602:39)
      at TransformPluginContext.error (file:///D:/AI%20Documentation/frontend/node_modules/vite/dist/node/chunks/node.js:30599:14)
      at normalizeUrl (file:///D:/AI%20Documentation/frontend/node_modules/vite/dist/node/chunks/node.js:27842:18)
      at async file:///D:/AI%20Documentation/frontend/node_modules/vite/dist/node/chunks/node.js:27905:30
      at async Promise.all (index 1)
      at async TransformPluginContext.transform (file:///D:/AI%20Documentation/frontend/node_modules/vite/dist/node/chunks/node.js:27873:4)
      at async EnvironmentPluginContainer.transform (file:///D:/AI%20Documentation/frontend/node_modules/vite/dist/node/chunks/node.js:30387:14)
      at async loadAndTransform (file:///D:/AI%20Documentation/frontend/node_modules/vite/dist/node/chunks/node.js:24646:26)
[2m12:30:33 pm[22m [31m[1m[vite][22m[39m [31m[2m(client)[22m[39m Pre-transform error: Failed to resolve import "framer-motion" from "src/components/landing/CTA.jsx". Does the file exist?
  Plugin: [35mvite:import-analysis[39m
  File: [36mD:/AI Documentation/frontend/src/components/landing/CTA.jsx[39m:1:58
[33m  1  |  import { motion, useMotionTemplate, useMotionValue } from "framer-motion";
     |                                                             ^
  2  |  import { FaArrowRight, FaCheckCircle } from "react-icons/fa";
  3  |  import { useRevealChildren } from "../../hooks/useReveal";[39m
[2m12:30:33 pm[22m [31m[1m[vite][22m[39m [31mInternal server error: Failed to resolve import "framer-motion" from "src/components/landing/CTA.jsx". Does the file exist?[39m
  Plugin: [35mvite:import-analysis[39m
  File: [36mD:/AI Documentation/frontend/src/components/landing/CTA.jsx[39m:1:58
[33m  1  |  import { motion, useMotionTemplate, useMotionValue } from "framer-motion";
     |                                                             ^
  2  |  import { FaArrowRight, FaCheckCircle } from "react-icons/fa";
  3  |  import { useRevealChildren } from "../../hooks/useReveal";[39m
      at TransformPluginContext._formatLog (file:///D:/AI%20Documentation/frontend/node_modules/vite/dist/node/chunks/node.js:30602:39)
      at TransformPluginContext.error (file:///D:/AI%20Documentation/frontend/node_modules/vite/dist/node/chunks/node.js:30599:14)
      at normalizeUrl (file:///D:/AI%20Documentation/frontend/node_modules/vite/dist/node/chunks/node.js:27842:18)
      at async file:///D:/AI%20Documentation/frontend/node_modules/vite/dist/node/chunks/node.js:27905:30
      at async Promise.all (index 0)
      at async TransformPluginContext.transform (file:///D:/AI%20Documentation/frontend/node_modules/vite/dist/node/chunks/node.js:27873:4)
      at async EnvironmentPluginContainer.transform (file:///D:/AI%20Documentation/frontend/node_modules/vite/dist/node/chunks/node.js:30387:14)
      at async loadAndTransform (file:///D:/AI%20Documentation/frontend/node_modules/vite/dist/node/chunks/node.js:24646:26)
[2m12:30:33 pm[22m [31m[1m[vite][22m[39m [31m[2m(client)[22m[39m Pre-transform error: Failed to resolve import "framer-motion" from "src/components/landing/Navbar.jsx". Does the file exist?
  Plugin: [35mvite:import-analysis[39m
  File: [36mD:/AI Documentation/frontend/src/components/landing/Navbar.jsx[39m:2:40
[33m  1  |  import { useState, useEffect } from "react";
  2  |  import { motion, AnimatePresence } from "framer-motion";
     |                                           ^
  3  |  var _jsxFileName = "D:/AI Documentation/frontend/src/components/landing/Navbar.jsx";
  4  |  import { jsxDEV as _jsxDEV } from "react/jsx-dev-runtime";[39m
[2m12:30:33 pm[22m [31m[1m[vite][22m[39m [31mInternal server error: Failed to resolve import "framer-motion" from "src/components/landing/Navbar.jsx". Does the file exist?[39m
  Plugin: [35mvite:import-analysis[39m
  File: [36mD:/AI Documentation/frontend/src/components/landing/Navbar.jsx[39m:2:40
[33m  1  |  import { useState, useEffect } from "react";
  2  |  import { motion, AnimatePresence } from "framer-motion";
     |                                           ^
  3  |  var _jsxFileName = "D:/AI Documentation/frontend/src/components/landing/Navbar.jsx";
  4  |  import { jsxDEV as _jsxDEV } from "react/jsx-dev-runtime";[39m
      at TransformPluginContext._formatLog (file:///D:/AI%20Documentation/frontend/node_modules/vite/dist/node/chunks/node.js:30602:39)
      at TransformPluginContext.error (file:///D:/AI%20Documentation/frontend/node_modules/vite/dist/node/chunks/node.js:30599:14)
      at normalizeUrl (file:///D:/AI%20Documentation/frontend/node_modules/vite/dist/node/chunks/node.js:27842:18)
      at async file:///D:/AI%20Documentation/frontend/node_modules/vite/dist/node/chunks/node.js:27905:30
      at async Promise.all (index 1)
      at async TransformPluginContext.transform (file:///D:/AI%20Documentation/frontend/node_modules/vite/dist/node/chunks/node.js:27873:4)
      at async EnvironmentPluginContainer.transform (file:///D:/AI%20Documentation/frontend/node_modules/vite/dist/node/chunks/node.js:30387:14)
      at async loadAndTransform (file:///D:/AI%20Documentation/frontend/node_modules/vite/dist/node/chunks/node.js:24646:26)
[2m12:30:33 pm[22m [31m[1m[vite][22m[39m [31m[2m(client)[22m[39m Pre-transform error: Failed to resolve import "framer-motion" from "src/components/landing/Testimonials.jsx". Does the file exist?
  Plugin: [35mvite:import-analysis[39m
  File: [36mD:/AI Documentation/frontend/src/components/landing/Testimonials.jsx[39m:2:40
[33m  1  |  import { useState, useEffect, useCallback } from "react";
  2  |  import { motion, AnimatePresence } from "framer-motion";
     |                                           ^
  3  |  import { useReveal } from "../../hooks/useReveal";
  4  |  var _jsxFileName = "D:/AI Documentation/frontend/src/components/landing/Testimonials.jsx";[39m
[2m12:30:33 pm[22m [31m[1m[vite][22m[39m [31mInternal server error: Failed to resolve import "framer-motion" from "src/components/landing/Testimonials.jsx". Does the file exist?[39m
  Plugin: [35mvite:import-analysis[39m
  File: [36mD:/AI Documentation/frontend/src/components/landing/Testimonials.jsx[39m:2:40
[33m  1  |  import { useState, useEffect, useCallback } from "react";
  2  |  import { motion, AnimatePresence } from "framer-motion";
     |                                           ^
  3  |  import { useReveal } from "../../hooks/useReveal";
  4  |  var _jsxFileName = "D:/AI Documentation/frontend/src/components/landing/Testimonials.jsx";[39m
      at TransformPluginContext._formatLog (file:///D:/AI%20Documentation/frontend/node_modules/vite/dist/node/chunks/node.js:30602:39)
      at TransformPluginContext.error (file:///D:/AI%20Documentation/frontend/node_modules/vite/dist/node/chunks/node.js:30599:14)
      at normalizeUrl (file:///D:/AI%20Documentation/frontend/node_modules/vite/dist/node/chunks/node.js:27842:18)
      at async file:///D:/AI%20Documentation/frontend/node_modules/vite/dist/node/chunks/node.js:27905:30
      at async Promise.all (index 1)
      at async TransformPluginContext.transform (file:///D:/AI%20Documentation/frontend/node_modules/vite/dist/node/chunks/node.js:27873:4)
      at async EnvironmentPluginContainer.transform (file:///D:/AI%20Documentation/frontend/node_modules/vite/dist/node/chunks/node.js:30387:14)
      at async loadAndTransform (file:///D:/AI%20Documentation/frontend/node_modules/vite/dist/node/chunks/node.js:24646:26)
[2m12:30:33 pm[22m [31m[1m[vite][22m[39m [31mInternal server error: Failed to resolve import "framer-motion" from "src/components/landing/CTA.jsx". Does the file exist?[39m
  Plugin: [35mvite:import-analysis[39m
  File: [36mD:/AI Documentation/frontend/src/components/landing/CTA.jsx[39m:1:58
[33m  1  |  import { motion, useMotionTemplate, useMotionValue } from "framer-motion";
     |                                                             ^
  2  |  import { FaArrowRight, FaCheckCircle } from "react-icons/fa";
  3  |  import { useRevealChildren } from "../../hooks/useReveal";[39m
      at TransformPluginContext._formatLog (file:///D:/AI%20Documentation/frontend/node_modules/vite/dist/node/chunks/node.js:30602:39)
      at TransformPluginContext.error (file:///D:/AI%20Documentation/frontend/node_modules/vite/dist/node/chunks/node.js:30599:14)
      at normalizeUrl (file:///D:/AI%20Documentation/frontend/node_modules/vite/dist/node/chunks/node.js:27842:18)
      at async file:///D:/AI%20Documentation/frontend/node_modules/vite/dist/node/chunks/node.js:27905:30
      at async Promise.all (index 0)
      at async TransformPluginContext.transform (file:///D:/AI%20Documentation/frontend/node_modules/vite/dist/node/chunks/node.js:27873:4)
      at async EnvironmentPluginContainer.transform (file:///D:/AI%20Documentation/frontend/node_modules/vite/dist/node/chunks/node.js:30387:14)
      at async loadAndTransform (file:///D:/AI%20Documentation/frontend/node_modules/vite/dist/node/chunks/node.js:24646:26)
      at async viteTransformMiddleware (file:///D:/AI%20Documentation/frontend/node_modules/vite/dist/node/chunks/node.js:24440:20)
[2m12:30:33 pm[22m [31m[1m[vite][22m[39m [31m[2m(client)[22m[39m Pre-transform error: Failed to resolve import "framer-motion" from "src/components/landing/CTA.jsx". Does the file exist?
  Plugin: [35mvite:import-analysis[39m
  File: [36mD:/AI Documentation/frontend/src/components/landing/CTA.jsx[39m:1:58
[33m  1  |  import { motion, useMotionTemplate, useMotionValue } from "framer-motion";
     |                                                             ^
  2  |  import { FaArrowRight, FaCheckCircle } from "react-icons/fa";
  3  |  import { useRevealChildren } from "../../hooks/useReveal";[39m
[2m12:30:33 pm[22m [31m[1m[vite][22m[39m [31m[2m(client)[22m[39m Pre-transform error: Failed to resolve import "framer-motion" from "src/components/landing/CTA.jsx". Does the file exist?
  Plugin: [35mvite:import-analysis[39m
  File: [36mD:/AI Documentation/frontend/src/components/landing/CTA.jsx[39m:1:58
[33m  1  |  import { motion, useMotionTemplate, useMotionValue } from "framer-motion";
     |                                                             ^
  2  |  import { FaArrowRight, FaCheckCircle } from "react-icons/fa";
  3  |  import { useRevealChildren } from "../../hooks/useReveal";[39m
[2m12:30:33 pm[22m [31m[1m[vite][22m[39m [31m[2m(client)[22m[39m Pre-transform error: Failed to resolve import "framer-motion" from "src/components/landing/CTA.jsx". Does the file exist?
  Plugin: [35mvite:import-analysis[39m
  File: [36mD:/AI Documentation/frontend/src/components/landing/CTA.jsx[39m:1:58
[33m  1  |  import { motion, useMotionTemplate, useMotionValue } from "framer-motion";
     |                                                             ^
  2  |  import { FaArrowRight, FaCheckCircle } from "react-icons/fa";
  3  |  import { useRevealChildren } from "../../hooks/useReveal";[39m
